H,V,C,x,y,Y,picture,R,G,B
,,,0.2754714112016295,0.2953745185778132,0.0010000088564938027,0.png,3,3,5
,,,0.2708791812088861,0.29146142619292165,0.0013000115134419435,1.png,3,4,6
,,,0.2806791882187468,0.3002613781557622,0.002300020369935746,2.png,6,8,10
,,,0.28387124851952017,0.29677449402936645,0.002300020369935746,3.png,7,8,10
,,,0.2890898773107944,0.3078510715984296,0.006500057567209718,4.png,17,19,22
,,,0.2901897771525173,0.30915103082665935,0.00750006642370352,5.png,19,21,24
,,,0.2923472472833046,0.31157966022632416,0.00989999956999894,6.png,23,26,28
,,,0.29324725447472616,0.3120796441585818,0.01159999901090297,7.png,26,28,31
,,,0.25562091138942256,0.30612453584688415,0.01638999909704583,8.png,21,37,41
,,,0.2617209253849728,0.30822451718403265,0.016690000733058423,9.png,23,37,41
,,,0.2609209345934539,0.30732453366213347,0.01679000046083203,10.png,23,37,41
,,,0.2562208937895469,0.3062245267867768,0.01718999874893546,11.png,22,38,42
,,,0.25292090103532006,0.30212451858966977,0.01739000008902887,12.png,21,38,43
,,,0.25222092797145207,0.30212453591044747,0.017589998663112484,13.png,21,39,43
,,,0.26002094853930596,0.30132449874869033,0.01729000030128851,14.png,24,38,43
,,,0.2698209212944903,0.3043245047423957,0.016890000447167555,15.png,27,37,41
,,,0.24962090223269795,0.29712450183170724,0.017990001084578867,16.png,21,39,45
,,,0.26932092532241214,0.304324499766708,0.01718999874893546,17.png,27,37,42
,,,0.250820902907728,0.2910245318454576,0.01768999890065944,18.png,23,38,45
,,,0.2773440890948945,0.31770831261253635,0.02440000280417971,19.png,34,45,48
,,,0.2986481246607836,0.3174029586593582,0.024799998083956065,20.png,41,44,47
,,,0.2992481017785888,0.31810296309475206,0.02749999935574305,21.png,44,47,49
,,,0.267564678277721,0.3195381312546256,0.03319999907349866,22.png,36,54,56
,,,0.2675649333282066,0.3195376959745085,0.03319999907349866,23.png,36,54,56
,,,0.2609096501776625,0.30826417696276515,0.03319999907349866,24.png,35,54,59
,,,0.26090991576059874,0.3082636898788454,0.03319999907349866,25.png,35,54,59
,,,0.3084416172049289,0.33874425363559596,0.03129999783690786,26.png,47,50,48
,,,0.27195467154651626,0.3163361655060167,0.033499999413711685,27.png,39,54,57
,,,0.20171696783089604,0.2916102840961528,0.04206000671316717,28.png,0,66,75
,,,0.16886971720539942,0.30156958801568423,0.052100002825447515,29.png,0,77,84
,,,0.31749421216315526,0.3336935014579336,0.030900001152161863,30.png,50,49,48
,,,0.31749459189446627,0.33369330782261614,0.030899996058866057,31.png,50,49,48
,,,0.2068965512747929,0.2709359688827129,0.038500000540138676,32.png,0,61,76
,,,0.20689675985917608,0.270935936743811,0.038500000540138676,33.png,0,61,76
,,,0.16826970740823907,0.3038696155810124,0.05320000128340582,34.png,0,77,84
,,,0.18841503730086606,0.3169955281861012,0.04980000155830663,35.png,0,74,77
,,,0.2723091308901653,0.3173872783730302,0.03450000160376511,36.png,39,55,58
,,,0.20696862551147246,0.2710801708597252,0.038899997940373264,37.png,0,61,76
,,,0.20161694524468196,0.28921025149922547,0.042659999049562844,38.png,0,66,76
,,,0.3181336238547056,0.3351007432091168,0.03160000312774163,39.png,50,50,48
,,,0.16716970967823605,0.3012696249871409,0.054200004489822685,40.png,0,78,85
,,,0.2017425591898027,0.2761389719949458,0.04119999671920887,41.png,0,64,78
,,,0.20431695388503093,0.2942102360724454,0.043460004640612844,42.png,0,67,75
,,,0.20474578669631463,0.26169492390346794,0.03859999633682564,43.png,0,61,78
,,,0.17486973670009742,0.30746963119818316,0.05310000043672962,44.png,0,77,82
,,,0.20474605956466777,0.2616946138787809,0.03859999633682564,45.png,0,61,78
,,,0.16456970185296538,0.2924696379586009,0.05380000136368173,46.png,0,78,87
,,,0.20722566641767406,0.2747103084834942,0.04030000106620971,47.png,0,63,77
,,,0.2019169375340378,0.28441026046702905,0.04306000390703786,48.png,0,66,77
,,,0.2053686336964863,0.26107413945292474,0.038899997940373264,49.png,0,61,79
,,,0.2015806335542139,0.2635042803320584,0.04000000011222368,50.png,0,62,80
,,,0.20536915288000002,0.2610738499144366,0.038899997940373264,51.png,0,61,79
,,,0.2015810492106971,0.26350460021597777,0.04000000011222368,52.png,0,62,80
,,,0.1745697094546276,0.29676960646104644,0.052100002825447515,53.png,0,76,84
,,,0.328342272340134,0.3433154854449171,0.0320999981548568,54.png,52,50,46
,,,0.17246971892287055,0.2975696209015862,0.05310000043672962,55.png,0,77,85
,,,0.20117566008345517,0.26322713161750266,0.04030000106620971,56.png,0,63,80
,,,0.31818163108538894,0.3295457421003477,0.03190000212412955,57.png,52,50,49
,,,0.20117616634284227,0.26322683377793527,0.04030000106620971,58.png,0,63,80
,,,0.17596972955835877,0.2987695857301905,0.052300001742495834,59.png,0,76,84
,,,0.20241696333276538,0.28581027437410694,0.04356000217742692,60.png,0,66,78
,,,0.1828697080031802,0.31056960959954194,0.05239999910301477,61.png,0,76,81
,,,0.17956973678124263,0.30806962752866446,0.05320000128340582,62.png,0,77,82
,,,0.18622756857635714,0.3245508840835992,0.054200004489822685,63.png,0,77,78
,,,0.17566971244907814,0.298669616465435,0.053299995741368796,64.png,0,77,85
,,,0.20741692577954846,0.2827102580468953,0.04295999929798398,65.png,0,65,77
,,,0.18206974478727853,0.3023695857104164,0.052499996932826226,66.png,0,76,83
,,,0.210316920780082,0.2908102305243661,0.04386000463397955,67.png,0,66,76
,,,0.2064169397467884,0.28201025160275073,0.043460004640612844,68.png,0,66,78
,,,0.21071692998056882,0.28391025690532506,0.04286000394696633,69.png,0,65,77
,,,0.18196972967875175,0.3046696242706025,0.053299995741368796,70.png,0,76,83
,,,0.21871693310872303,0.29291024944530986,0.04295999929798398,71.png,7,65,74
,,,0.18246970941661134,0.29886963760426394,0.052899995821487175,72.png,0,76,84
,,,0.1807495715397381,0.31281488113049605,0.0558999998798428,73.png,0,79,83
,,,0.18074985931411439,0.3128147712494338,0.0558999998798428,74.png,0,79,83
,,,0.19522388885166642,0.23761195724169348,0.039800001846897866,75.png,0,61,86
,,,0.18221955961627787,0.3020429064194156,0.0547000016976892,76.png,0,77,84
,,,0.20060788989944645,0.2522796429547884,0.04150000210416734,77.png,0,63,84
,,,0.18221988274725692,0.3020427870726873,0.0547000016976892,78.png,0,77,84
,,,0.183269133771816,0.30159604227527165,0.05479999707907442,79.png,0,77,84
,,,0.2160856722894233,0.2709151660628758,0.04249999725332045,80.png,14,63,79
,,,0.2662232546172525,0.2948764239802667,0.03785999889868002,81.png,43,57,66
,,,0.2130169546691261,0.28631025461809134,0.04596000510771041,82.png,0,67,79
,,,0.19444446248917716,0.23185975380418794,0.04090000079401107,83.png,0,62,89
,,,0.20914683420240818,0.3000003025852153,0.049200002961358014,84.png,0,71,78
,,,0.20914661012017016,0.2999995729802184,0.049200002961358014,85.png,0,71,78
,,,0.2077844580478641,0.23712575720274345,0.03960000131025831,86.png,16,60,85
,,,0.2658232531354552,0.2932763901398833,0.038359996141789865,87.png,44,57,66
,,,0.266323262365389,0.29687640307323093,0.03925999674891359,88.png,44,58,66
,,,0.21232055210382597,0.2954545669441505,0.04940000358188768,89.png,0,70,79
,,,0.21232084332520448,0.29545426214366494,0.04940000358188768,90.png,0,70,79
,,,0.20135746175138225,0.25678734180105584,0.04539999794887947,91.png,0,66,86
,,,0.2686232363832827,0.29947638165025053,0.03976000041537174,92.png,45,58,66
,,,0.20238086447148113,0.22732392381818073,0.04010000307092308,93.png,13,60,89
,,,0.20787445237253108,0.22524576950854958,0.038899997940373264,94.png,21,58,88
,,,0.26732328978915904,0.29827639453196303,0.040059997655590054,95.png,44,58,67
,,,0.2740232645695508,0.2972764322273216,0.039059997728750524,96.png,47,57,65
,,,0.2144857085986398,0.2704151583898754,0.04539999794887947,97.png,12,66,82
,,,0.18705001050678094,0.31500555586241796,0.06130000434476417,98.png,0,82,86
,,,0.2714232387488696,0.2984763812003328,0.04015999742763426,99.png,46,58,66
,,,0.26932326670737317,0.2940763929090483,0.039959997767570525,100.png,46,58,67
,,,0.2670232675546735,0.2973764036028831,0.04086000187611494,101.png,45,59,68
,,,0.27122324799505293,0.2953764085537357,0.04035999689500369,102.png,47,58,67
,,,0.18770345952271178,0.4378611651433337,0.08749999948481742,103.png,0,101,71
,,,0.2239428204953304,0.30077427836573023,0.050500002148511185,104.png,14,70,78
,,,0.3015833320703413,0.32030313877024635,0.04020000261161639,105.png,54,57,59
,,,0.2692232598218499,0.2930763817662159,0.041460000134473235,106.png,47,59,69
,,,0.26722324834897293,0.29547641535012503,0.04215999491480836,107.png,46,60,69
,,,0.1905034112984504,0.4247611693172965,0.08749999948481742,108.png,0,101,74
,,,0.19550344055781468,0.4279611478822965,0.08669999626362483,109.png,0,100,72
,,,0.20220342732787083,0.4245611823664629,0.08330000806601519,110.png,0,98,71
,,,0.19070343970483922,0.4180611588099416,0.08720000326277991,111.png,0,100,75
,,,0.3020833444039415,0.3208031579599285,0.04249999725332045,112.png,56,58,61
,,,0.39832201892515195,0.34521665704287247,0.03532999976754414,113.png,72,46,42
,,,0.1837011315425179,0.30661904777032056,0.06810000333929324,114.png,0,86,92
,,,0.19815443858953694,0.41379313993282324,0.08520001305845652,115.png,0,99,74
,,,0.19815461460615694,0.413792965578916,0.0851999930283621,116.png,0,99,74
,,,0.19990344253577044,0.41236117237211395,0.08539999456564405,117.png,0,98,75
,,,0.2062033942195306,0.41606117147247473,0.0838999934265103,118.png,0,97,73
,,,0.20600341200195355,0.41806117335368537,0.08439998941416862,119.png,0,98,72
,,,0.17931034039125365,0.2616384248979952,0.06070000283457952,120.png,0,79,100
,,,0.20502742923960565,0.42139013655219987,0.08549999966631906,121.png,0,98,72
,,,0.20502761494855626,0.4213899734386555,0.08549999966631906,122.png,0,98,72
,,,0.273443126540711,0.3173772934876585,0.04839999899904085,123.png,48,65,68
,,,0.20380344543583498,0.4220611668358298,0.08660000913391146,124.png,0,99,73
,,,0.19746745632601861,0.25656632020806147,0.05469999797101454,125.png,0,73,95
,,,0.4025219854301962,0.34711667277912195,0.0364299970740124,126.png,74,47,42
,,,0.38962201827575027,0.34011667213056074,0.03702999821095913,127.png,73,48,45
,,,0.3668384931979565,0.2955326466624514,0.03440000192864078,128.png,73,44,54
,,,0.40222198973978146,0.34111665142535563,0.03623000050965624,129.png,74,46,43
,,,0.3945220308231715,0.34311665169470407,0.03723000145600945,130.png,73,48,44
,,,0.39002200169296575,0.33411665072293817,0.036729999567670396,131.png,73,47,46
,,,0.3944220066545441,0.3430166618581178,0.0373299967017916,132.png,73,48,44
,,,0.2018034323406679,0.39586116725982684,0.08439998941416862,133.png,0,97,78
,,,0.3986219954176349,0.334716703657294,0.03613000172485811,134.png,75,46,44
,,,0.39392202020739264,0.33331662915795995,0.0364299970740124,135.png,74,46,45
,,,0.3934220397098345,0.34241668874510484,0.037529996401616174,136.png,74,48,44
,,,0.2138034568513789,0.4105611747691574,0.08330000806601519,137.png,0,96,73
,,,0.17815100530375208,0.1487882359087976,0.03629999904001717,138.png,10,51,114
,,,0.3976220266236332,0.335316640964301,0.036729999567670396,139.png,75,47,45
,,,0.21203301580543757,0.1775836985484482,0.03659999826458747,140.png,41,50,100
,,,0.3891220047636725,0.3355166470592426,0.037929999130944775,141.png,74,48,46
,,,0.21410345145193116,0.403861190114912,0.08310001021295751,142.png,0,96,74
,,,0.1959999138124174,0.2475556403120092,0.05569999813811081,143.png,0,73,99
,,,0.2046034634005432,0.39456117155769216,0.08509999187957389,144.png,0,97,78
,,,0.40122201882682046,0.335716661160698,0.03692999759958445,145.png,76,46,44
,,,0.20817353043407863,0.16127815920316177,0.03440000192864078,146.png,43,46,104
,,,0.3846150426465071,0.30337088525047295,0.035100001856100224,147.png,76,43,51
,,,0.3846154871935585,0.3033706303605595,0.035100001856100224,148.png,76,43,51
,,,0.21957356734932815,0.17227814288862733,0.034999996684364466,149.png,48,46,99
,,,0.3825790165604873,0.29632789991589636,0.03470000142705521,150.png,76,42,53
,,,0.3825794985318733,0.2963276191437458,0.03470000142705521,151.png,76,42,53
,,,0.2138034154433273,0.3943612032838675,0.08330000806601519,152.png,0,96,76
,,,0.208203418364041,0.39026117586506914,0.0851999930283621,153.png,0,97,79
,,,0.22173490688340525,0.17884990373586726,0.03670000230816163,154.png,48,48,99
,,,0.2217349991345274,0.17884971238082517,0.03670000230816163,155.png,48,48,99
,,,0.17977931265548538,0.26632540136784155,0.06769999870271755,156.png,0,84,104
,,,0.17977980236145524,0.26632560870444943,0.06769999870271755,157.png,0,84,104
,,,0.1757510326428476,0.14058825635973865,0.03659999826458747,158.png,11,50,119
,,,0.2072735326701937,0.15407815530701488,0.03419999953075588,159.png,45,44,106
,,,0.21647356963669676,0.16277815673731433,0.034599999916113,160.png,49,45,103
,,,0.2100726000538262,0.4042649523086715,0.08909999358819079,161.png,0,99,77
,,,0.21287355893057583,0.16367814936568698,0.03560000047008275,162.png,46,46,104
,,,0.16281055285720938,0.19709787295539033,0.05609999848245917,163.png,0,74,119
,,,0.20863306718408,0.15737409834272073,0.034999996684364466,164.png,45,45,106
,,,0.2118735595208605,0.1546781520789453,0.03389999980650427,165.png,48,43,105
,,,0.17765101779209813,0.14508825004376866,0.03809999903782622,166.png,13,51,119
,,,0.1802510189275138,0.14248826191822858,0.03690000045782617,167.png,20,49,118
,,,0.17285100254736718,0.13998824295070306,0.03809999903782622,168.png,2,51,121
,,,0.1629105625648153,0.19799787730684207,0.05719999709874791,169.png,0,74,119
,,,0.20557355914252345,0.15567814565981314,0.03569999793955203,170.png,44,46,108
,,,0.20867355884816136,0.15267815246593835,0.03450000160376511,171.png,46,44,107
,,,0.20657355994597262,0.15887814029707759,0.036399995809757744,172.png,44,47,108
,,,0.21417353959006355,0.15557815403977943,0.03440000192864078,173.png,49,43,106
,,,0.21001291051612953,0.15728891185866076,0.03550000553569665,174.png,46,45,107
,,,0.21001299753205122,0.1572887131658888,0.03550000553569665,175.png,46,45,107
,,,0.2100132906728981,0.157288433058885,0.035499999948694315,176.png,46,45,107
,,,0.21001306358395586,0.15728811183761368,0.035499999948694315,177.png,46,45,107
,,,0.21637357781853175,0.15767815462554532,0.034599999916113,178.png,50,43,105
,,,0.21327360215112445,0.15337815591922835,0.03419999953075588,179.png,49,43,106
,,,0.21043347151169198,0.16268780911598693,0.036799996643404824,180.png,46,47,106
,,,0.2105029981513114,0.1566638263376871,0.035499999948694315,181.png,47,45,107
,,,0.20985480264122197,0.15706115395153328,0.03569999793955203,182.png,47,45,107
,,,0.209854448599416,0.15706081494886914,0.03569999793955203,183.png,47,45,107
,,,0.2114735835198951,0.15567815430234064,0.03529999889158092,184.png,48,44,107
,,,0.2134931107833911,0.1664447415984776,0.037499996798985344,185.png,47,48,106
,,,0.2149823244055049,0.1675534323235705,0.03779999654987518,186.png,48,48,105
,,,0.21488701486724726,0.16659281818025246,0.03759999866604281,187.png,48,48,105
,,,0.17095103398231792,0.1296882504372148,0.036800002365983894,188.png,6,49,125
,,,0.2117649945708434,0.16601282196615133,0.03809999903782622,189.png,46,49,107
,,,0.2146938412166439,0.16718013881875587,0.038000000821793396,190.png,48,48,106
,,,0.21143827874702545,0.16637792597016388,0.038399998027760604,191.png,46,49,107
,,,0.21143848782436764,0.16637780870746194,0.038399998027760604,192.png,46,49,107
,,,0.2146942355034107,0.16717992270847387,0.038000000821793396,193.png,48,48,106
,,,0.17285100227731073,0.1341882445133483,0.038299998399770954,194.png,8,50,125
,,,0.21311477817424576,0.16911132027107534,0.03920000402291318,195.png,47,50,107
,,,0.1754509986442581,0.13158825487970227,0.037200000564273215,196.png,18,48,124
,,,0.16995099651698112,0.12688824200495888,0.037200000564273215,197.png,5,48,127
,,,0.16271054353312983,0.19769784692401357,0.060799998545994244,198.png,0,77,123
,,,0.18204732726835693,0.2656814229083925,0.07369999105371285,199.png,0,87,108
,,,0.211857279856169,0.1691539285734346,0.040799998771375516,200.png,47,51,109
,,,0.22002545228459292,0.3674260902486795,0.08549999966631906,201.png,0,95,83
,,,0.1810510378546683,0.13108825790978249,0.037200000564273215,202.png,29,47,124
,,,0.4050430247042,0.39243469895579586,0.04980000155830663,203.png,79,60,39
,,,0.4050436440077724,0.3924346519642198,0.04980000155830663,204.png,79,60,39
,,,0.40912668174265504,0.3839496271235749,0.04880000284844219,205.png,80,58,39
,,,0.40912706776170016,0.38394971653893106,0.04880000284844219,206.png,80,58,39
,,,0.17245102137019597,0.12068825481416737,0.03670000230816163,207.png,19,46,130
,,,0.1681510028056832,0.12008824982809567,0.037900002648969186,208.png,6,48,133
,,,0.18030565480443672,0.2743633746893954,0.08079999456545671,209.png,0,92,110
,,,0.18322147946688075,0.3761744874861102,0.11210000579021853,210.png,0,112,97
,,,0.4266770785054772,0.39313571591903324,0.05040000278631203,211.png,84,58,35
,,,0.16814449691519673,0.34489552537826107,0.11240001039247205,212.png,0,113,107
,,,0.17703749924922688,0.3590795006559755,0.11135001128366473,213.png,0,112,102
,,,0.19523471249085086,0.2692033958022094,0.07569999871503061,214.png,0,87,107
,,,0.2013713503075349,0.2616384138773034,0.07250000310567487,215.png,0,84,107
,,,0.19237282025356994,0.18562239296661517,0.054999997962170845,216.png,22,67,120
,,,0.2124731448567841,0.3613001354905877,0.09719999729591353,217.png,0,102,91
,,,0.22007315588201665,0.361200137598525,0.09600000621129497,218.png,0,100,90
,,,0.21675191165578125,0.3666418189323982,0.09979999688579234,219.png,0,103,90
,,,0.21675252738896997,0.3666424774219869,0.09979999688579234,220.png,0,103,90
,,,0.21645340593769224,0.3663619740160393,0.10020001383574036,221.png,0,103,91
,,,0.2164537877452065,0.36636211049702283,0.10020001383574036,222.png,0,103,91
,,,0.21937312119460584,0.3647001495925431,0.09920000518182233,223.png,0,102,90
,,,0.2248731385416679,0.3606001366066349,0.09609998875277746,224.png,0,100,89
,,,0.21787312286924163,0.3550001454947332,0.09799999456936499,225.png,0,101,92
,,,0.21927316860024937,0.352800140022763,0.09690000324204738,226.png,0,100,92
,,,0.1916108468318229,0.19764903155865177,0.0622000002665777,227.png,13,73,122
,,,0.21855746842132645,0.3664370989763422,0.10109998751231011,228.png,0,103,91
,,,0.15261963274306017,0.24347285572479302,0.09629999360910846,229.png,0,102,133
,,,0.22457312164328286,0.3634001662268858,0.09790000022008322,230.png,0,101,89
,,,0.15151962878197975,0.24277284875348135,0.0971000070734818,231.png,0,102,134
,,,0.22197315088658012,0.3570001456798829,0.09760000319758146,232.png,0,101,91
,,,0.18980615482389282,0.2983114281887048,0.095399995638088,233.png,0,100,110
,,,0.22097312585997278,0.3595001401135431,0.09899999941045484,234.png,0,102,91
,,,0.2273731622103027,0.35930013689156914,0.09650000372335436,235.png,0,100,90
,,,0.21118012924825605,0.1649417381366433,0.04780000483817939,236.png,52,55,119
,,,0.1901802688432172,0.2983219616551502,0.09600000621129497,237.png,0,100,111
,,,0.18575713909508135,0.2836364392554321,0.09359999791504389,238.png,0,99,114
,,,0.15511962746091112,0.24917284758778477,0.09860000540975933,239.png,0,103,132
,,,0.19080172629988013,0.15475450172587019,0.04980000155830663,240.png,36,58,128
,,,0.22057313249551133,0.3497001131686993,0.09749999080373414,241.png,0,100,93
,,,0.2271887831883421,0.3653490886316748,0.098899995094877,242.png,0,101,89
,,,0.1574196142744066,0.25277288165552514,0.098899995094877,243.png,0,103,131
,,,0.18481833872770514,0.26312639662666093,0.087700004365589,244.png,0,94,118
,,,0.18559813765244823,0.28833942849089866,0.0956999877390206,245.png,0,100,114
,,,0.18535526083377596,0.28821898162102866,0.09625000849987983,246.png,0,100,114
,,,0.22210290102590524,0.35952609865861856,0.10020001383574036,247.png,0,102,92
,,,0.16041960906147207,0.25027284483752016,0.09669999636452631,248.png,0,101,130
,,,0.2254545615014868,0.3625454687151964,0.09970001052583474,249.png,0,102,90
,,,0.22206377335883984,0.3591571070904767,0.10060000740563077,250.png,0,102,92
,,,0.2265731645416541,0.35660014568127335,0.0980999964733324,251.png,0,100,91
,,,0.22535238325389428,0.36222496609197585,0.10030001034238539,252.png,0,102,91
,,,0.15211959938128952,0.23737285243437595,0.09799999456936499,253.png,0,102,137
,,,0.15281959970971032,0.2390728493358799,0.09869998970349798,254.png,0,103,137
,,,0.23197313713901105,0.35580009127985623,0.09680000625793338,255.png,0,99,90
,,,0.18519580804144747,0.26448262353060736,0.09039999991180492,256.png,0,96,119
,,,0.1906628668853624,0.19096403824982364,0.06340000205551402,257.png,16,73,126
,,,0.20152477354467685,0.15807950985526367,0.04985000065607145,258.png,47,57,126
,,,0.23060189621490773,0.3716461095623464,0.10250000331803792,259.png,0,103,88
,,,0.3816919040633216,0.3255034143604285,0.05429999425235799,260.png,88,58,59
,,,0.19257470908188515,0.1928765547498954,0.06389999695934946,261.png,20,73,125
,,,0.19046199484829568,0.19105811136736975,0.06409999962398488,262.png,16,73,126
,,,0.23068592939264201,0.3592057887031696,0.09950000496100712,263.png,0,101,90
,,,0.21136075748147568,0.16974930741648653,0.051399998675016906,264.png,52,58,121
,,,0.1517196042241192,0.23517286926829456,0.09939999157328239,265.png,0,103,139
,,,0.16021960835727855,0.24407286084734037,0.0977999915665853,266.png,0,101,133
,,,0.15381961782895448,0.2394728650053523,0.10019999151877812,267.png,0,103,137
,,,0.16481962304807377,0.2521728573717966,0.09850000040705688,268.png,0,102,130
,,,0.23335697175334347,0.43487675693981254,0.1201999860484793,269.png,0,114,78
,,,0.1857183929993977,0.18370285286784294,0.06379999904260578,270.png,6,73,130
,,,0.16291959889214108,0.2509728702889698,0.09969998828317621,271.png,0,102,132
,,,0.1852484594436197,0.1832477642150325,0.06409999962398488,272.png,4,73,130
,,,0.16581963920988885,0.24297285194976104,0.09530000826622823,273.png,0,99,132
,,,0.16021959701257832,0.24007284792279848,0.0975999812683651,274.png,0,101,135
,,,0.16991960191974181,0.24867287046182823,0.095399995638088,275.png,0,99,129
,,,0.18840199340774316,0.18407413069063888,0.06379999904260578,276.png,16,72,129
,,,0.198938764572449,0.15542051748699198,0.05124999899948912,277.png,46,57,129
,,,0.1657196225253638,0.2440728491503275,0.09669999636452631,278.png,0,100,132
,,,0.18789087431606313,0.18135303169596376,0.06379999904260578,279.png,17,72,131
,,,0.19013683836469145,0.18358040030887618,0.06440000010743388,280.png,21,72,130
,,,0.1876399859098245,0.1811801000760055,0.06449999574954703,281.png,16,72,131
,,,0.1876404513228075,0.18117976512622203,0.06449999574954703,282.png,16,72,131
,,,0.19119740745307034,0.1826238557197453,0.06390000522658867,283.png,24,72,130
,,,0.20264935291827005,0.26287241206282147,0.08729999354847615,284.png,0,92,116
,,,0.20264982138434964,0.2628726235814318,0.08729999354847615,285.png,0,92,116
,,,0.3839919168568665,0.3259034250902501,0.057899998676844956,286.png,92,60,61
,,,0.23505296435674225,0.4209087962278626,0.12320000073180368,287.png,0,114,82
,,,0.2350530699858787,0.42090870686031756,0.12320000073180368,288.png,0,114,82
,,,0.18765100031482682,0.259060398037951,0.09650000372335436,289.png,0,98,124
,,,0.18790151514078376,0.26017131030232366,0.09719999729591353,290.png,0,98,124
,,,0.24031007442360883,0.44421971699225377,0.13179999879475734,291.png,0,118,78
,,,0.1843646687389244,0.27552840655372207,0.10819999819594367,292.png,0,105,125
,,,0.2953904836502674,0.46332706776265103,0.11560000362804815,293.png,49,107,59
,,,0.2953906032262286,0.46332687100598546,0.11560000362804815,294.png,49,107,59
,,,0.24659809022731974,0.42183880016739334,0.12710000059890836,295.png,0,115,82
,,,0.24659809682583284,0.4218387227372222,0.12710000059890836,296.png,0,115,82
,,,0.18830298869301665,0.25107140543628625,0.09960000761602278,297.png,0,99,129
,,,0.3036076426044713,0.47385488540879966,0.11689999287690862,298.png,53,108,55
,,,0.18868547817889156,0.25244930965557144,0.10035000281794058,299.png,0,99,129
,,,0.1896422284046061,0.2539404395514651,0.10149999061510041,300.png,0,100,129
,,,0.18961722284815768,0.2540319811427355,0.10154999258549696,301.png,0,100,129
,,,0.19121672250653096,0.19422853347310717,0.07739999885355067,302.png,18,81,136
,,,0.19496223293769527,0.2727959674160752,0.10830000640386457,303.png,0,103,125
,,,0.2206418304382798,0.2156106849721154,0.07580000300629279,304.png,53,78,123
,,,0.2184417834792012,0.21371067863293713,0.07599998804048662,305.png,52,78,124
,,,0.21984177992909967,0.21471064663744088,0.07609999157710672,306.png,53,78,124
,,,0.22398148311319735,0.36595014917557395,0.129399986858039,307.png,0,115,101
,,,0.1841494587622193,0.27564737600725847,0.11929999669466243,308.png,0,110,131
,,,0.18405870101223262,0.2690624411826553,0.11680001593580172,309.png,0,109,132
,,,0.1956652517245798,0.24011246409107295,0.0980499952706727,310.png,0,96,131
,,,0.30707146959953735,0.46041507162757267,0.11979999550376207,311.png,60,108,59
,,,0.3070716434222988,0.46041485338388305,0.11979999550376207,312.png,60,108,59
,,,0.18348643329466513,0.27706434656447637,0.12080000915632418,313.png,0,111,131
,,,0.22134180125477088,0.21431067307529933,0.07760000628728538,314.png,55,78,125
,,,0.18247842828931896,0.2694053540848907,0.11869999544673406,315.png,0,110,133
,,,0.1824785221849118,0.2694049445046616,0.11869999544673406,316.png,0,110,133
,,,0.19518653063284885,0.27605296219260156,0.11470000061925156,317.png,0,107,127
,,,0.19675309254703477,0.24472983663424777,0.10100001519717156,318.png,0,97,131
,,,0.1970026393967058,0.24607203649796697,0.10180000632110243,319.png,0,98,131
,,,0.39830610187292975,0.23730587613419976,0.0486500065363136,320.png,109,33,77
,,,0.2192417887738202,0.21571066371346123,0.08039999923015571,321.png,53,80,127
,,,0.36941811708274713,0.2246278727407554,0.04980000155830663,322.png,106,36,84
,,,0.22164178343452795,0.21551068939481302,0.0800999887587326,323.png,56,79,126
,,,0.21974178741569406,0.2151106745274104,0.08089999466508982,324.png,54,80,127
,,,0.2210417650948248,0.21521068012015188,0.08160000516806312,325.png,56,80,127
,,,0.35220147816559805,0.24654136312057195,0.05880000073453087,326.png,102,51,86
,,,0.3991456984725966,0.4442335060492888,0.09359999791504389,327.png,94,87,39
,,,0.17849784762941945,0.34472129819698605,0.1629000018013258,328.png,0,133,126
,,,0.19974164521306545,0.23947503718568222,0.10124999660890112,329.png,0,96,133
,,,0.1998110967342136,0.23835385717530735,0.10080000505448823,330.png,1,96,133
,,,0.41401608239567067,0.45500285229655363,0.09350000978820537,331.png,97,86,32
,,,0.40028177204167886,0.444496215363445,0.09449999404077548,332.png,95,87,39
,,,0.20056429877368345,0.24100635573071458,0.10250000331803792,333.png,1,97,133
,,,0.39078889304570386,0.42909255898385756,0.09409999670338973,334.png,95,87,46
,,,0.22274178464471409,0.2150106637932006,0.0829999911970363,335.png,58,81,128
,,,0.2183049325196327,0.21529864410198318,0.08530001235018464,336.png,54,83,130
,,,0.2187049652231298,0.21449863755362894,0.08509999187957389,337.png,55,82,131
,,,0.38854044376198993,0.4324084305838888,0.0965999954862696,338.png,94,89,46
,,,0.3885407284107874,0.4324082292875994,0.0965999954862696,339.png,94,89,46
,,,0.2183049426901234,0.21499864857161027,0.08560000746072627,340.png,55,83,131
,,,0.21860493877112627,0.21419864062321164,0.08520001305845652,341.png,55,82,131
,,,0.2185049588863776,0.2150986338023469,0.08560000746072627,342.png,55,83,131
,,,0.2184049278347688,0.2150986296008857,0.0857000127760456,343.png,55,83,131
,,,0.2187049519054975,0.2146986445741097,0.08549999966631906,344.png,55,82,131
,,,0.21830493136481366,0.21419863791592927,0.08549999966631906,345.png,55,82,131
,,,0.2178049413910616,0.214398641180509,0.08580000036180079,346.png,54,83,131
,,,0.2188049311111406,0.21489864886561072,0.0857000127760456,347.png,55,83,131
,,,0.21890494415438524,0.21569864848213152,0.08599999715645043,348.png,55,83,131
,,,0.21810493072050766,0.21449863346218792,0.08590001030467584,349.png,55,83,131
,,,0.18623483625781753,0.35627532891934627,0.16720000220545836,350.png,0,134,123
,,,0.219004947191864,0.21489864677332288,0.08590001030467584,351.png,55,83,131
,,,0.21750494755395605,0.2143986384190997,0.0862999938908474,352.png,54,83,132
,,,0.21790492825861482,0.21539864348721013,0.08660000913391146,353.png,54,83,131
,,,0.2189049530204466,0.21619864193884988,0.08660000913391146,354.png,55,83,131
,,,0.21880496056345344,0.2160986284892162,0.08669999626362483,355.png,55,83,131
,,,0.2194049481710008,0.2157986314074093,0.08640000272396439,356.png,56,83,131
,,,0.21900494408413962,0.21489863099158196,0.08620000170207386,357.png,56,83,131
,,,0.21880495049298462,0.21489863881117793,0.0862999938908474,358.png,55,83,131
,,,0.2186049451132545,0.21559863914876762,0.08669999626362483,359.png,55,83,131
,,,0.22304174567808996,0.21511067419788657,0.08499999401520411,360.png,59,81,130
,,,0.21870495705701282,0.21389863939194326,0.08620000170207386,361.png,56,83,132
,,,0.21760494308106615,0.21429863854458375,0.08689999839451541,362.png,54,83,132
,,,0.2181049315652217,0.21419862666615153,0.08669999626362483,363.png,55,83,132
,,,0.21750493937173518,0.2140986393342625,0.08689999839451541,364.png,54,83,132
,,,0.2185049662180593,0.21459864914580112,0.08680000962598243,365.png,55,83,132
,,,0.21890494971495114,0.21409865114300455,0.08650001291579681,366.png,56,83,132
,,,0.2192417912898013,0.2192106643952923,0.08850000028696574,367.png,55,84,131
,,,0.21940494947881745,0.21529863184859413,0.08689999839451541,368.png,56,83,131
,,,0.22040493914833031,0.21609862152736484,0.08689999839451541,369.png,57,83,131
,,,0.2175049404157085,0.21349863098516428,0.08700000806535287,370.png,55,83,132
,,,0.21800497650171963,0.21459863548551705,0.08730000881689338,371.png,55,83,132
,,,0.21850492944378117,0.21359864025955935,0.08669999626362483,372.png,56,83,132
,,,0.21900493243193983,0.21479864458764616,0.08700000806535287,373.png,56,83,132
,,,0.21880494309929693,0.2135986383103655,0.08660000913391146,374.png,56,83,132
,,,0.2175049273988497,0.21229865650213564,0.08660000913391146,375.png,55,83,133
,,,0.21770494589350775,0.21419862816618815,0.08749999948481742,376.png,55,84,132
,,,0.2195049687755581,0.2151986236092977,0.08720000326277991,377.png,56,83,132
,,,0.21740493153235593,0.2142986234385434,0.087700004365589,378.png,55,84,133
,,,0.21880492967039697,0.21409864742411838,0.08709999788587963,379.png,56,83,132
,,,0.21800493958730385,0.2149986417314553,0.08779999838245688,380.png,55,84,132
,,,0.2190049532238008,0.21529863058101764,0.0876000046805822,381.png,56,83,132
,,,0.2180049334700105,0.21429863673826188,0.0876000046805822,382.png,55,84,132
,,,0.21910492952038763,0.21369863896688537,0.08700000806535287,383.png,56,83,132
,,,0.2190049193594321,0.21519862554339977,0.087700004365589,384.png,56,84,132
,,,0.21820494620047115,0.21519862428907696,0.08810000117626,385.png,55,84,132
,,,0.21944179283332926,0.22131067575659397,0.0902000028253027,386.png,54,86,131
,,,0.218504937678088,0.21449864234842336,0.08779999838245688,387.png,56,84,132
,,,0.22974177917344774,0.23041068380302757,0.0897999968055828,388.png,61,85,126
,,,0.21770492019710422,0.21459862150891607,0.08829999588715504,389.png,55,84,133
,,,0.21994176947248015,0.22291067660108696,0.09079999235361758,390.png,55,86,131
,,,0.3991088429407001,0.43251701086531724,0.0971000070734818,391.png,98,88,44
,,,0.39910886893975955,0.43251652628295084,0.0971000070734818,392.png,98,88,44
,,,0.2186049613792335,0.21439862435328697,0.08789999679934513,393.png,56,84,133
,,,0.21810497004372803,0.21359863972331472,0.08800000971543899,394.png,56,84,133
,,,0.21950495069717524,0.21469863176556728,0.08789999679934513,395.png,57,83,132
,,,0.21790497350969965,0.2141986340589215,0.08840000400114273,396.png,55,84,133
,,,0.21860492865790723,0.2143986353274691,0.08820001198471035,397.png,56,84,133
,,,0.3987594251319103,0.43243243709991347,0.09760000319758146,398.png,98,88,44
,,,0.398759710607559,0.43243250870067884,0.0975999812683651,399.png,98,88,44
,,,0.2292417973801162,0.22791065627360135,0.08969998738122177,400.png,62,84,127
,,,0.22744178082937772,0.2288106652888802,0.09079999235361758,401.png,60,85,128
,,,0.39938080147701077,0.4263600251087607,0.09639999398958471,402.png,99,87,46
,,,0.22324180504819446,0.2155106844898454,0.08729999354847615,403.png,60,83,131
,,,0.21470584790307284,0.2752983129800489,0.11649999533035729,404.png,21,104,126
,,,0.21934178043658828,0.22231067787770178,0.09219999704609634,405.png,55,87,132
,,,0.21271622745764357,0.23609164988031747,0.10100001519717156,406.png,41,94,133
,,,0.22090247225958873,0.22090247146859848,0.09110001622758318,407.png,57,86,132
,,,0.2194417709179628,0.21511066328441117,0.08939999101955691,408.png,57,84,133
,,,0.2243417650745157,0.2175106675634342,0.08859999999529958,409.png,61,83,131
,,,0.227341796601059,0.2242106808401478,0.0902000028253027,410.png,62,84,129
,,,0.22274180904992383,0.2144106850618015,0.08810000117626,411.png,60,83,132
,,,0.21954176198609066,0.2199106889630218,0.0920000039450079,412.png,56,86,133
,,,0.2268417971357598,0.22161068456800787,0.0897999968055828,413.png,62,84,130
,,,0.22460414885683072,0.23069426581285254,0.09470000872149856,414.png,58,88,130
,,,0.21318133113918641,0.23711034195312566,0.10255001017875282,415.png,41,94,133
,,,0.2116417652920208,0.20371067325281636,0.08889999255675661,416.png,53,84,139
,,,0.41411607733441613,0.4544028627821753,0.1014000078019208,417.png,101,90,33
,,,0.22604179876957625,0.21911066460031015,0.08959999527424327,418.png,62,84,131
,,,0.22174174869590269,0.21481066221211906,0.08969998738122177,419.png,60,84,133
,,,0.221041793452129,0.21131066811880253,0.08859999999529958,420.png,60,83,134
,,,0.29736317329929135,0.22165072510355363,0.06910000300287715,421.png,97,61,108
,,,0.2171417882833313,0.20541067450007586,0.08779999838245688,422.png,58,82,137
,,,0.2188417637505238,0.2102106740429922,0.08919999032400544,423.png,59,83,135
,,,0.22244177450900268,0.21281066823830638,0.08889999255675661,424.png,61,83,133
,,,0.21184178148078117,0.20141067196231455,0.08859999999529958,425.png,54,83,139
,,,0.2212417763398805,0.2106106701176982,0.08899999428386829,426.png,61,83,135
,,,0.2214418039590078,0.21251068118107994,0.0897999968055828,427.png,61,84,134
,,,0.21944179192668514,0.22121068066059352,0.09449999404077548,428.png,56,87,134
,,,0.21857549691511993,0.21904145668888275,0.09409999670338973,429.png,56,87,135
,,,0.2226417772572424,0.2147106505970379,0.09060000026206716,430.png,61,84,134
,,,0.22044178824939922,0.20951066467665716,0.08929998434559791,431.png,61,83,135
,,,0.21444179409129008,0.20111066633448987,0.08829999588715504,432.png,57,82,139
,,,0.2236417878869049,0.21531068129539882,0.09069999871533094,433.png,62,84,134
,,,0.21904177859146615,0.20801067875705326,0.08959999527424327,434.png,60,83,136
,,,0.21604179027416376,0.2033106581060713,0.08889999255675661,435.png,58,83,138
,,,0.21934177245362724,0.21081067449812319,0.09079999235361758,436.png,59,84,136
,,,0.21894177972065937,0.20791066319433157,0.08989999749768733,437.png,60,83,137
,,,0.21964176541097702,0.2180107003205797,0.09400000562571642,438.png,57,87,135
,,,0.22721801106292408,0.4372160361003001,0.1828000151518666,439.png,0,139,96
,,,0.21904176869941663,0.22041067454038876,0.09599998452240138,440.png,56,88,135
,,,0.21214176608271273,0.1994106665007004,0.08969998738122177,441.png,56,83,141
,,,0.21560585166302978,0.27519835238678475,0.12210001528716875,442.png,25,107,129
,,,0.2392499976974278,0.45274999789733517,0.18110001863730982,443.png,0,137,88
,,,0.2187932397918286,0.2334246364516673,0.1021000081373957,444.png,52,93,134
,,,0.2243275033329563,0.21871346481694456,0.09350000978820537,445.png,62,86,134
,,,0.21934178345456648,0.21601067499746088,0.09459999567145051,446.png,58,87,136
,,,0.21928417772985218,0.21062229127781054,0.09240001548183503,447.png,60,85,137
,,,0.25723011608494045,0.25740896630056137,0.09639999398958471,448.png,77,87,117
,,,0.2191417809498041,0.20791068272901309,0.09160000289506286,449.png,61,84,138
,,,0.2763646904160608,0.3223777984552806,0.1127999911335096,450.png,75,99,101
,,,0.2763648122269584,0.3223779837298258,0.1128000152841878,451.png,75,99,101
,,,0.2721909832090553,0.32724718185661433,0.11649999533035729,452.png,71,101,102
,,,0.272190691549373,0.32724683120279036,0.11649999533035729,453.png,71,101,102
,,,0.22324176668694226,0.2147106759895801,0.09339999174123996,454.png,63,85,136
,,,0.2190417680529385,0.21961067685320834,0.0975999812683651,455.png,57,89,137
,,,0.2217418009587982,0.21521069064128132,0.09480000620614899,456.png,61,86,137
,,,0.20525212246429106,0.368697471193877,0.17549999895730595,457.png,0,135,119
,,,0.26866081697271726,0.31476400353462713,0.11470000061925156,458.png,72,100,105
,,,0.2198417962230001,0.2128106890649451,0.09500000769720827,459.png,60,86,138
,,,0.3000631789311382,0.22775076190109517,0.07449999993625535,460.png,100,64,109
,,,0.22004174989539066,0.20871066712189768,0.09330000780617091,461.png,62,85,139
,,,0.20470167673230727,0.36862955195130404,0.17719998492405542,462.png,0,136,120
,,,0.20470149571487756,0.3686290847789938,0.17719998492405542,463.png,0,136,120
,,,0.21984179827249153,0.21841067317621402,0.09790000022008322,464.png,59,88,137
,,,0.3115324734684428,0.22369701399632347,0.07079999286052446,465.png,104,59,107
,,,0.21984180372652304,0.21521067981124659,0.09690000324204738,466.png,60,87,138
,,,0.197802369612218,0.36423527445997317,0.1822999859270127,467.png,0,138,124
,,,0.21904178337403166,0.2108106649986251,0.09609998875277746,468.png,61,87,140
,,,0.30720581151131043,0.3256915176518876,0.10589998606151753,469.png,90,92,93
,,,0.21934176005142847,0.20881065579844996,0.09509999530084674,470.png,62,86,140
,,,0.220041760231075,0.21711067285910896,0.09869998970349798,471.png,60,89,138
,,,0.20724637676788543,0.3805382837097307,0.18379999751457426,472.png,0,138,117
,,,0.22174178965559044,0.2138106687590318,0.0977999915665853,473.png,63,87,139
,,,0.2758340393300104,0.32275513724404015,0.11900000675922781,474.png,76,101,104
,,,0.4231093650557526,0.2863678985253913,0.06889999543071808,475.png,120,51,72
,,,0.21974178479990011,0.21601066886756706,0.10009999460533879,476.png,60,89,140
,,,0.2196417780653101,0.21191067368856467,0.09869998970349798,477.png,62,88,141
,,,0.21934175888436988,0.21441068713102548,0.10009999460533879,478.png,61,89,141
,,,0.4301301040411402,0.28829206045591704,0.0687000010961506,479.png,122,50,71
,,,0.2217417774381206,0.2149106924175085,0.09979999688579234,480.png,63,88,140
,,,0.20929792717589396,0.36622009891549534,0.18039998883508088,481.png,0,136,121
,,,0.22144178051926272,0.2149106644626694,0.10039999514256316,482.png,63,89,140
,,,0.21894178655390167,0.2153106889556712,0.10180000632110243,483.png,60,90,141
,,,0.2207418047200197,0.21631068976566944,0.10180000632110243,484.png,62,90,141
,,,0.27556982497779775,0.49629043857995664,0.1873000074656259,485.png,18,138,68
,,,0.4232803788027922,0.2820509440901909,0.06930000456358187,486.png,122,50,74
,,,0.4268141343382127,0.27470305075187607,0.067000000148594,487.png,123,46,74
,,,0.21964177080863562,0.2125106820558327,0.10080000505448823,488.png,62,89,142
,,,0.21007248007296558,0.3633627135171529,0.18110001863730982,489.png,0,136,122
,,,0.22084179014239963,0.21481067933349124,0.10199999859462701,490.png,63,89,141
,,,0.21135247374217775,0.36211773281147097,0.17989997977059644,491.png,0,136,122
,,,0.21135266607173642,0.36211752846328915,0.17989997977059644,492.png,0,136,122
,,,0.3082057876522254,0.3261915082578267,0.11190000531426889,493.png,92,94,95
,,,0.22150447290368555,0.37320272482429356,0.17910000008155497,494.png,0,135,116
,,,0.4377823633124194,0.28418891706240135,0.06920000138384157,495.png,125,48,71
,,,0.3833935183217824,0.32479527902779814,0.09060000026206716,496.png,114,75,77
,,,0.21777146236761555,0.36742581842788896,0.1806999822246415,497.png,0,135,119
,,,0.21920878740040903,0.3674551522426999,0.18019998804516604,498.png,0,135,119
,,,0.22289031393116718,0.3732117212336268,0.18000001145923725,499.png,0,135,116
,,,0.2544297181430052,0.2591540495952921,0.10969999622111982,500.png,79,93,124
,,,0.2570301089770492,0.2641089344446749,0.11110000344382222,501.png,79,94,122
,,,0.34401895317670894,0.22199371647023158,0.06984999445149373,502.png,116,50,103
,,,0.25373010396329604,0.25940893399388276,0.1109000125163609,503.png,79,94,125
,,,0.21383512683564865,0.36539249371822674,0.1854000075732439,504.png,0,137,122
,,,0.21345848900946598,0.36550908450864594,0.1863000040803178,505.png,0,138,122
,,,0.2134589156926089,0.3655091472130155,0.1863000040803178,506.png,0,138,122
,,,0.2564300740759177,0.2678089602100747,0.11449999203288418,507.png,79,96,123
,,,0.3151631798342922,0.23415073182131446,0.08160000516806312,508.png,109,65,110
,,,0.2561174694552568,0.26474015347376123,0.1135999944671038,509.png,79,95,124
,,,0.2561177420622566,0.26474004758143554,0.1135999944671038,510.png,79,95,124
,,,0.21518010046795982,0.35661145013866324,0.1822999859270127,511.png,0,136,124
,,,0.35166264888069493,0.2487209500539394,0.07779999977663885,512.png,116,60,98
,,,0.3084451803520445,0.23461968970053207,0.0838999934265103,513.png,107,68,112
,,,0.25475769595553516,0.26255404381922837,0.11449999203288418,514.png,79,96,125
,,,0.29346682397144735,0.5063224184983294,0.19219998930352888,515.png,46,138,61
,,,0.371513943697848,0.23207170347932896,0.06989999370862732,516.png,122,46,96
,,,0.3119631862052913,0.22085072258302876,0.0794000100544422,517.png,111,61,114
,,,0.38369355905325137,0.324695270041246,0.09509999530084674,518.png,116,76,78
,,,0.2645300831430424,0.2740089725238036,0.1167999912175077,519.png,84,96,121
,,,0.3150632035302935,0.2206507557407697,0.07900000498293905,520.png,112,60,113
,,,0.3493046322121708,0.24853122806181696,0.08039999923015571,521.png,117,61,100
,,,0.3549904838539944,0.2589454265962877,0.08249999211497362,522.png,117,63,97
,,,0.35499059818540685,0.2589453711242564,0.08249999211497362,523.png,117,63,97
,,,0.3052631707323653,0.22645073285454853,0.0838999934265103,524.png,108,66,115
,,,0.2567746782749781,0.2707770456946429,0.11989999785629352,525.png,80,98,124
,,,0.25677479467949865,0.2707769543018921,0.11989999785629352,526.png,80,98,124
,,,0.3024631884873676,0.21925073695753505,0.08249999211497362,527.png,109,64,118
,,,0.34555792171072597,0.22067472255607462,0.07270000865917979,528.png,119,50,105
,,,0.3606195089569058,0.25252843912113504,0.07989999077355654,529.png,119,59,97
,,,0.314863174211295,0.23025075954884316,0.08350000540824479,530.png,111,65,113
,,,0.3161631590383394,0.23565076038246363,0.08520001305845652,531.png,111,67,111
,,,0.31026315673714167,0.23225073492999174,0.0857000127760456,532.png,110,67,114
,,,0.31286317766187194,0.2240507709343471,0.08209999469601734,533.png,112,63,114
,,,0.3049367194545802,0.227972801956602,0.08590001030467584,534.png,109,68,116
,,,0.36064064518349465,0.25235392613522634,0.08039999923015571,535.png,120,60,97
,,,0.3147631596238392,0.22685073970513475,0.08289999346453271,536.png,112,64,113
,,,0.31246316991809625,0.23055072279086217,0.08499999401520411,537.png,111,66,114
,,,0.407201446460983,0.4505941072612919,0.1274999989878908,538.png,110,101,42
,,,0.2043240451544513,0.2282477635808834,0.12879999190983418,539.png,34,106,153
,,,0.3668996423567454,0.25540023798607675,0.08039999923015571,540.png,121,59,96
,,,0.3653299721510248,0.2567098165275952,0.08129999504617462,541.png,121,60,96
,,,0.31196317837196647,0.21965076351562332,0.0815000025782185,542.png,112,62,116
,,,0.3130631972686964,0.2274507306628531,0.08410000635738202,543.png,112,65,114
,,,0.3056631758328598,0.21825074149240922,0.08289999346453271,544.png,111,64,118
,,,0.3670766732674992,0.255439925298287,0.0809999997739091,545.png,122,59,96
,,,0.3143551291138207,0.2390717799513131,0.08859999999529958,546.png,111,69,112
,,,0.3163631382742763,0.22835074536247915,0.08430000875029933,547.png,113,64,114
,,,0.2588082082134908,0.4839351583770257,0.21840001973965653,548.png,0,149,82
,,,0.26370172003572717,0.26819406406973184,0.11940000910771004,549.png,86,97,124
,,,0.2087850479186334,0.23350475984156652,0.1312999960935405,550.png,41,106,151
,,,0.27067746370982626,0.2861023551934627,0.12420000798519562,551.png,86,100,119
,,,0.20966303690567722,0.23890175310850395,0.13399999739823767,552.png,40,108,150
,,,0.35792360496752046,0.24863336673991782,0.08189998669113101,553.png,121,60,100
,,,0.26378011944191654,0.2684668770044937,0.12029999655732225,554.png,86,97,125
,,,0.35660547013411964,0.24947337088564664,0.08289999346453271,555.png,121,61,100
,,,0.3121707181809423,0.22444681227408894,0.08520001305845652,556.png,113,65,116
,,,0.3121710947833662,0.22444677774529476,0.0851999930283621,557.png,113,65,116
,,,0.30476313816117606,0.21755073970997896,0.08459999345996941,558.png,112,64,119
,,,0.2700301153626885,0.2735089717404156,0.120099980620238,559.png,89,97,122
,,,0.2605443712933412,0.26691593163143296,0.12149999282612654,560.png,85,98,126
,,,0.2605451139005472,0.26691593027312027,0.12149999282612654,561.png,85,98,126
,,,0.2605448298810871,0.266915639308852,0.12149999282612654,562.png,85,98,126
,,,0.2969882273813522,0.323172716422748,0.12919999127129922,563.png,93,102,105
,,,0.30366319629549055,0.22505074886753484,0.08800000971543899,564.png,111,68,119
,,,0.2933631458939247,0.22555074139127626,0.09130000382923557,565.png,107,72,122
,,,0.20573006915902464,0.23248177721206567,0.13470000086559988,566.png,35,108,154
,,,0.3004882531249939,0.3280727263115075,0.13020000014235725,567.png,94,103,103
,,,0.2963882778624359,0.32527275090699675,0.13089999220758497,568.png,93,103,105
,,,0.26942166905856746,0.26806707249017203,0.11869999544673406,569.png,90,95,123
,,,0.3118954693786309,0.22509801556333597,0.08609999096916565,570.png,113,65,117
,,,0.2651774624129151,0.2803023816247093,0.12619999852007002,571.png,85,101,123
,,,0.3095631624799264,0.23405073070984755,0.09069999871533094,572.png,112,70,116
,,,0.2664451839313421,0.49390921218713596,0.2229999891934893,573.png,0,150,78
,,,0.266445360244635,0.4939095687750114,0.22300002723518272,574.png,0,150,78
,,,0.3030450874588708,0.22300577260394094,0.08859999999529958,575.png,111,68,120
,,,0.2660774676135908,0.2744023405134483,0.12439999920869435,576.png,87,99,124
,,,0.3018631726935736,0.2238507404614638,0.0897999968055828,577.png,111,69,121
,,,0.26293015358781247,0.2666089534323399,0.12320000073180368,578.png,87,98,127
,,,0.270030072262209,0.26880896509930946,0.12119999810809978,579.png,91,96,124
,,,0.25997748297442147,0.27650234863883105,0.12979998702609047,580.png,83,103,126
,,,0.27147571916810986,0.2759160392834641,0.12429998966516607,581.png,91,98,123
,,,0.3358045458348999,0.5156507217232408,0.18780000825347487,582.png,80,133,44
,,,0.2714761825956519,0.2759156492853965,0.1243000154305934,583.png,91,98,123
,,,0.2569300656614602,0.2535089561651947,0.12089999173777269,584.png,87,96,132
,,,0.4066014148294374,0.4494941082796889,0.13550001319875807,585.png,114,104,44
,,,0.26197747138320854,0.2788023569270111,0.1304999964400574,586.png,84,103,126
,,,0.2678301254528701,0.2640089313064793,0.12100000416505409,587.png,91,96,126
,,,0.2734357571164644,0.49855264519285314,0.22389997973446116,588.png,9,150,74
,,,0.2709848141464337,0.27539105450875784,0.125,589.png,91,99,123
,,,0.2649775053952133,0.27700235929736533,0.1290000037792712,590.png,87,101,125
,,,0.27043007842051386,0.2691089713856495,0.12280001053296666,591.png,92,97,125
,,,0.25638343238035716,0.2603281401186579,0.12540000782295904,592.png,85,99,131
,,,0.2563837009147114,0.26032804610912125,0.12540000782295904,593.png,85,99,131
,,,0.27337748629150843,0.28160236395861543,0.1272999964957749,594.png,91,100,122
,,,0.3315538542129543,0.5237584028185401,0.196200011031432,595.png,77,137,43
,,,0.26627747414383446,0.2756023753883629,0.12859998921810376,596.png,88,101,125
,,,0.2559148234707338,0.25982263105115005,0.12629998284456634,597.png,85,100,132
,,,0.26253078343162073,0.48453705710368894,0.22960000417524026,598.png,0,152,83
,,,0.25583008258991435,0.25970893566718206,0.12630000888563572,599.png,85,100,132
,,,0.33172687859589606,0.5240544930394027,0.19659998667582357,600.png,77,137,43
,,,0.3558160064996758,0.2557873548499062,0.08949999471100982,601.png,123,65,102
,,,0.2673247165616953,0.26496508058886986,0.12349998227641011,602.png,91,97,127
,,,0.2671511061656891,0.26501389561377714,0.12399998684240224,603.png,91,97,127
,,,0.35570091824139666,0.25561554727239755,0.08989999749768733,604.png,123,65,102
,,,0.26483080404393056,0.4856370609566177,0.2297000060990341,605.png,0,152,82
,,,0.2615774800688502,0.27770238313196177,0.13330000727767274,606.png,85,104,127
,,,0.2678774554202213,0.2827023456129508,0.13259999106377346,607.png,88,103,124
,,,0.261130102667844,0.2577089783314127,0.1241000091547258,608.png,90,97,131
,,,0.3020631535873786,0.22315074523042644,0.09320001019085072,609.png,113,70,123
,,,0.28946317820210676,0.22175071804897023,0.09669999636452631,610.png,109,74,127
,,,0.2704773967836804,0.28400235455389305,0.13269999003485733,611.png,90,103,124
,,,0.263330142463311,0.2622089566742126,0.12589999187975096,612.png,90,98,130
,,,0.2651301299329377,0.262808953128325,0.12549999059516273,613.png,91,98,129
,,,0.26793013578367253,0.2652089721084001,0.12549999059516273,614.png,92,98,128
,,,0.2656053663434437,0.2653958857631558,0.1266999915579736,615.png,91,99,129
,,,0.5096459104375819,0.3062698554844875,0.07620000842697186,616.png,142,41,56
,,,0.26560578340216173,0.26539602225090103,0.1266999915579736,617.png,91,99,129
,,,0.3698429535598613,0.2504353718547994,0.08620000170207386,618.png,128,59,100
,,,0.20574470441654244,0.3406487211387296,0.21110001772482523,619.png,0,145,140
,,,0.26663077488067677,0.481337048156375,0.23030000560078503,620.png,0,152,84
,,,0.2644307724763222,0.48033709579736994,0.23280000182082475,621.png,0,153,85
,,,0.2635774984405804,0.27120235205482424,0.1320000128190473,622.png,89,102,129
,,,0.26563082158901913,0.48623703095455784,0.2349000094129248,623.png,0,154,83
,,,0.2581357314558391,0.26476503304584376,0.13179999879475734,624.png,87,102,132
,,,0.3695719112690225,0.2505035700393931,0.08709999788587963,625.png,128,59,101
,,,0.25813581761787846,0.2647649389550844,0.13179999879475734,626.png,87,102,132
,,,0.311497738793093,0.32930592847830564,0.1358999910770996,627.png,102,103,103
,,,0.34917182468208363,0.5256584582585615,0.19359999114348533,628.png,87,135,34
,,,0.3491718425218661,0.5262014821808751,0.19380000768018776,629.png,87,135,34
,,,0.2651307735550689,0.48193704845820856,0.23380002285951956,630.png,0,153,84
,,,0.26573075865536155,0.47923708487285904,0.23210001034435224,631.png,0,152,85
,,,0.2660307453720072,0.47823707678354593,0.23150000735219578,632.png,0,152,85
,,,0.22115435056434204,0.37345473696787646,0.21749998502597867,633.png,0,147,127
,,,0.2662307906947853,0.4801370717123273,0.23239999941226663,634.png,0,152,84
,,,0.5166200233213483,0.31838197875637897,0.07949999950891978,635.png,143,45,52
,,,0.2118577115418011,0.3516177142014009,0.214100003524411,636.png,0,146,136
,,,0.26783080515199037,0.4849370271061065,0.23380002285951956,637.png,0,153,83
,,,0.3048631304373259,0.22845074823573389,0.09690000324204738,638.png,115,72,123
,,,0.2677307725015591,0.4880370574200498,0.23589999813331441,639.png,0,154,82
,,,0.21909805040232655,0.27940156490627327,0.16539997931602696,640.png,36,123,146
,,,0.3498515428345428,0.5127927461313829,0.19039999698054488,641.png,90,133,41
,,,0.2724774528985595,0.28490236887590453,0.1358999910770996,642.png,92,104,124
,,,0.26653080713848465,0.4794370392309561,0.234100010975105,643.png,0,153,85
,,,0.2692307790111157,0.4828370759257514,0.23350001654723002,644.png,11,153,83
,,,0.26817216471081123,0.26652965927852246,0.129800013546062,645.png,94,100,129
,,,0.2681727424912065,0.2665300156983723,0.12979998702609047,646.png,94,100,129
,,,0.27057748709413704,0.27900236493563957,0.13500000718465843,647.png,92,103,126
,,,0.26343009285520635,0.2746089661164924,0.1365999911689627,648.png,89,104,130
,,,0.2688308018565122,0.4794370215219846,0.23370002165761997,649.png,14,153,84
,,,0.33961291071617744,0.507096397982718,0.19649999648410205,650.png,87,135,48
,,,0.26913079484526853,0.4797370616476459,0.2350000079162193,651.png,15,153,84
,,,0.3456498568431768,0.5165094262594289,0.19709998224204991,652.png,88,135,42
,,,0.26733079026006246,0.47513705923042704,0.2349000094129248,653.png,12,153,86
,,,0.2695308057864388,0.4790370408654557,0.2350000079162193,654.png,17,153,85
,,,0.2677307945887404,0.47733706346160365,0.23589999813331441,655.png,11,153,86
,,,0.2697308176578887,0.4768370264622916,0.2345000138744732,656.png,21,153,85
,,,0.3813006946376152,0.32419637938624707,0.1127999911335096,657.png,125,83,86
,,,0.22017583184128964,0.3690061448661535,0.22239999245921943,658.png,0,149,130
,,,0.27197748329355376,0.28200235319896505,0.13819999200636635,659.png,93,104,126
,,,0.2967882560906962,0.32267273135721897,0.14500000484727554,660.png,99,108,111
,,,0.2767413395512236,0.4738805914528209,0.22860001444138925,661.png,40,150,84
,,,0.27674178133500915,0.4738806296543165,0.22859997576546198,662.png,40,150,84
,,,0.25673011597850764,0.26020895205292105,0.13560000395756286,663.png,89,103,136
,,,0.29618831309001153,0.32477273775790977,0.14669999110913676,664.png,98,109,111
,,,0.29818830836280086,0.32667273255640866,0.14659998598077864,665.png,99,109,110
,,,0.30028824961825007,0.327572754141552,0.14599999880399858,666.png,100,108,109
,,,0.3005883213842964,0.3278727285604962,0.14599999880399858,667.png,100,108,109
,,,0.29718826134847215,0.3248727489163008,0.14669999110913676,668.png,99,109,111
,,,0.299088314991669,0.3257727130849775,0.14650000475026498,669.png,100,109,110
,,,0.26063013681208697,0.2653089313214921,0.13700000596903322,670.png,91,103,134
,,,0.2955641499498378,0.42007048834758365,0.1913000070742161,671.png,79,133,91
,,,0.24606950714451753,0.3376599650710702,0.18469999624955044,672.png,55,131,127
,,,0.2955643738410843,0.4200702364431054,0.1913000070742161,673.png,79,133,91
,,,0.29698833329826757,0.3255727431467841,0.14770000124522797,674.png,99,109,111
,,,0.29848829396071286,0.3278726896578884,0.14819998225550107,675.png,99,109,110
,,,0.24879855264571896,0.3637310368925299,0.19730000022169614,676.png,48,136,120
,,,0.2966882692688095,0.3241727603268739,0.14780000711181443,677.png,99,109,111
,,,0.29758824418508567,0.32577268873908993,0.14819998225550107,678.png,99,109,111
,,,0.25770841668399475,0.3589646181712011,0.18860000830098408,679.png,62,132,118
,,,0.29928832169003555,0.32867276160216613,0.14919999466685044,680.png,100,110,110
,,,0.26003011165138,0.2693089635473801,0.14110000610369153,681.png,90,106,134
,,,0.24939858219309777,0.363131022549936,0.19860000950175125,682.png,49,137,121
,,,0.23707046419543581,0.22787225875428674,0.1312999960935405,683.png,83,100,150
,,,0.2376565003852153,0.22757300537778688,0.13089999220758497,684.png,84,99,150
,,,0.21819802710276334,0.27840160409076237,0.17479998771096214,685.png,36,126,150
,,,0.2757792897450248,0.380100847236301,0.18910000995125406,686.png,74,132,108
,,,0.3066636709909803,0.4065076904771213,0.18239998194667925,687.png,90,128,92
,,,0.22596019807636436,0.2512308511964289,0.1531000050810086,688.png,64,114,152
,,,0.3004882833809186,0.3282727130154481,0.15069999504844533,689.png,101,110,110
,,,0.3521308693258959,0.5047203840851414,0.19779997861339646,690.png,95,134,45
,,,0.3111977360554752,0.3291059263010234,0.14610000353053942,691.png,106,107,107
,,,0.25119853918904833,0.36343102279425643,0.19990001379555325,692.png,52,137,121
,,,0.25068042090057613,0.3484495980392773,0.1921000243897673,693.png,58,133,124
,,,0.2353642207665336,0.2619128677148759,0.15389998980816164,694.png,72,114,146
,,,0.2399094682401002,0.32496095476574655,0.18760000638948016,695.png,53,131,133
,,,0.2971882694853972,0.3262727192192905,0.15239999263032947,696.png,100,111,112
,,,0.22602568936910644,0.2629976391337024,0.1616000014394451,697.png,60,118,150
,,,0.29495372474512677,0.39715870374251794,0.1873000074656259,698.png,85,130,98
,,,0.24949858690649643,0.3649309964403086,0.20360000189538852,699.png,49,138,122
,,,0.22702174931044447,0.25316663483005186,0.15589998919365747,700.png,66,115,152
,,,0.28701824752381555,0.39006083163024613,0.19229998889107044,701.png,82,132,103
,,,0.3799006970734444,0.32389641681453524,0.1206999869671747,702.png,129,86,89
,,,0.22462566012755078,0.2535976400583205,0.16040000172590163,703.png,63,117,154
,,,0.24919855145950537,0.36783102916673804,0.2099000041089253,704.png,48,141,122
,,,0.2474184538686186,0.2295272359433249,0.13214999334796557,705.png,93,98,149
,,,0.24799847813436776,0.22955104267581874,0.13190000398627372,706.png,93,98,149
,,,0.5118279267633216,0.3089605857322096,0.08620000170207386,707.png,150,44,59
,,,0.23180013037082176,0.25950013074291317,0.1599999870042477,708.png,70,116,150
,,,0.22282567835831632,0.25179763383470394,0.16170000715375957,709.png,61,117,156
,,,0.5245648951164433,0.32460460783591377,0.08854999329927733,710.png,150,48,51
,,,0.2966882489765555,0.3237727280976237,0.15699999051299113,711.png,102,112,115
,,,0.2960882671593874,0.3258727034473763,0.15869998651061087,712.png,102,113,115
,,,0.3001882425995646,0.32867274235393645,0.15800000726595034,713.png,103,113,113
,,,0.2354256844676672,0.26199764567607564,0.16070002373196773,714.png,73,116,149
,,,0.2328613082692149,0.3057611851420982,0.18999999901055653,715.png,52,131,142
,,,0.23078130347253176,0.2985641989509982,0.18720000559576552,716.png,52,130,145
,,,0.22700015555205244,0.2609001339092028,0.16699997664324392,717.png,64,119,153
,,,0.22902562838862492,0.2549976460848878,0.162000010524871,718.png,69,117,154
,,,0.22922565285563926,0.2592976239035321,0.16490000679179326,719.png,67,118,153
,,,0.2278256317998149,0.2570976323344202,0.16470001738417225,720.png,66,118,154
,,,0.24889853768534603,0.3721310285800588,0.21849999833294015,721.png,45,144,123
,,,0.22760010559341268,0.2616001220551374,0.1682999868709351,722.png,64,120,154
,,,0.22890576936261509,0.247968613418458,0.15869998651061087,723.png,71,114,155
,,,0.30720829486534823,0.510478055542258,0.24359999209439154,724.png,68,153,63
,,,0.3072086231207931,0.5104776879562212,0.24359999209439154,725.png,68,153,63
,,,0.31080515512566764,0.23199171310976419,0.10950001426745874,726.png,123,76,127
,,,0.2322256481933338,0.25799763929404684,0.1630000105966477,727.png,72,117,152
,,,0.56898492631737,0.3331979356962304,0.08599999715645043,728.png,156,39,36
,,,0.2324256743680278,0.2597976332722017,0.16440000282328904,729.png,71,117,152
,,,0.49116316776533503,0.3172752608302537,0.09509999530084674,730.png,149,55,63
,,,0.23218788380948868,0.25945774698351737,0.1645999901349469,731.png,71,117,152
,,,0.23122566521483043,0.26189766677546467,0.16710001654703224,732.png,69,119,152
,,,0.2310001178193698,0.26230013660946194,0.16779997492698592,733.png,69,119,153
,,,0.23242571151162822,0.26229765064908106,0.16690001587416206,734.png,71,119,152
,,,0.3236387566467435,0.4128580509289021,0.18879997966135043,735.png,101,128,88
,,,0.22660011881876096,0.2587001087159269,0.16899997755928403,736.png,65,120,155
,,,0.25629858817625295,0.3627309936026918,0.2096999916736554,737.png,62,139,123
,,,0.21669839875459265,0.2769011835852276,0.18949997288632894,738.png,35,131,157
,,,0.361888926285715,0.254806827647415,0.10469999328150607,739.png,135,69,109
,,,0.22602568397499373,0.25529764329252297,0.1682000201825222,740.png,65,119,157
,,,0.2280354081196702,0.2808114875214815,0.18409998114928575,741.png,57,127,151
,,,0.22962567730301026,0.24899764324618964,0.16230003076196384,742.png,73,116,156
,,,0.232914802565938,0.24980662907956433,0.1612000155654019,743.png,76,115,155
,,,0.24859855944346276,0.3648310096579663,0.2207999897443521,744.png,50,144,127
,,,0.2436063903228348,0.30997084437252154,0.19150000897366223,745.png,67,130,140
,,,0.31482212962749384,0.33215025463969106,0.15910000418001125,746.png,111,111,110
,,,0.31482263787817516,0.33215057385014424,0.15910000418001125,747.png,111,111,110
,,,0.33750877698931003,0.41556707655529074,0.18580000942163935,748.png,107,126,83
,,,0.5263631849250523,0.3196752487630439,0.09169999415998348,749.png,155,46,54
,,,0.24869852194920194,0.3624310378394492,0.22179999261583322,750.png,51,144,128
,,,0.2083674286710189,0.34960317287569476,0.25570003207932285,751.png,0,159,148
,,,0.2880912337066534,0.4300569227149419,0.22750001267086398,752.png,75,145,97
,,,0.22410010558088625,0.2482001133002368,0.16899997755928403,753.png,67,119,160
,,,0.24929856204561388,0.3635310261300881,0.22259999195654367,754.png,52,144,127
,,,0.2734599016321266,0.23531520079778212,0.13140000223961873,755.png,110,93,142
,,,0.24909854371606308,0.36783105545215783,0.22549999647710978,756.png,49,145,127
,,,0.305179175768002,0.4177294709155796,0.2096999916736554,757.png,91,137,94
,,,0.30517884035589976,0.4177287935266382,0.20970002818733144,758.png,91,137,94
,,,0.3051792807852484,0.4177290670695954,0.2096999916736554,759.png,91,137,94
,,,0.23492566111822405,0.2639976489555132,0.17250000538376595,760.png,74,120,153
,,,0.23190017652976475,0.2618001904485119,0.17340000537497968,761.png,72,121,155
,,,0.23589858519343462,0.3669310363979079,0.23919999574833511,762.png,5,151,133
,,,0.23190016420887824,0.2561002101465277,0.17009990221901156,763.png,74,119,156
,,,0.24469095330383478,0.3058636997900026,0.1929999813804371,764.png,71,130,142
,,,0.22784289772817654,0.24745572122819642,0.16779997492698592,765.png,72,118,160
,,,0.28885985355549515,0.4235865438646222,0.2269999968765,766.png,78,145,99
,,,0.25209856250887797,0.3637310168551973,0.2237000027549433,767.png,57,144,127
,,,0.2376985612656809,0.36913103893594984,0.2407999814380536,768.png,14,152,132
,,,0.22940014416087912,0.25740015474330286,0.17399998394959995,769.png,70,121,158
,,,0.23340019269106943,0.26230013159791077,0.17440001907661956,770.png,74,121,155
,,,0.2370985610822077,0.36503102785431246,0.23919999574833511,771.png,17,151,133
,,,0.21254741248588155,0.3475944284502045,0.2543000076477097,772.png,0,158,148
,,,0.21254781765057262,0.347594306172278,0.2543000076477097,773.png,0,158,148
,,,0.23080013053471565,0.2595001406929337,0.1748999964683151,774.png,72,121,157
,,,0.21709839617071214,0.2773011624104678,0.19879998373356764,775.png,36,134,160
,,,0.2883549014018788,0.42347502716614754,0.2291000135298614,776.png,78,145,100
,,,0.522263157317611,0.3096752509779231,0.09250000613723025,777.png,157,43,58
,,,0.24879855269778842,0.3728310077328541,0.23379998359928128,778.png,47,148,127
,,,0.2298001052116979,0.2550001868363874,0.17350000241302874,779.png,72,120,158
,,,0.20734436667247147,0.34654642693743554,0.2613999780592162,780.png,0,160,151
,,,0.28976112861984077,0.4226995177475286,0.22829998191090942,781.png,79,145,100
,,,0.21636940619028255,0.34840317320522673,0.25200000688404806,782.png,0,156,147
,,,0.2504791627402349,0.3051467049866001,0.19090000099195845,783.png,78,129,140
,,,0.22730014740371784,0.25180017152682527,0.17379998254902784,784.png,70,120,160
,,,0.24379858194079054,0.37273102640298056,0.23990001444242365,785.png,35,151,129
,,,0.5156631579282809,0.3041752440899265,0.09270001310488266,786.png,157,43,62
,,,0.21390686991612504,0.3456253278829374,0.2540000086734287,787.png,0,157,149
,,,0.5680849821516624,0.332297894348411,0.0920000039450079,788.png,161,40,38
,,,0.2162793512536534,0.34827444699376003,0.2533000177042048,789.png,0,157,147
,,,0.22899839024526364,0.2743184476612902,0.18850000332382327,790.png,63,128,156
,,,0.2876462263813783,0.414290935716398,0.22670001051823288,791.png,80,144,103
,,,0.31429713820517985,0.3248801559348476,0.16270001445663085,792.png,115,111,113
,,,0.2872512556187194,0.415465903802614,0.22780000966517994,793.png,79,145,103
,,,0.22969229557260856,0.2746098907472466,0.1882999889850948,794.png,64,128,155
,,,0.35497005841591933,0.4133427761086755,0.18340000890259398,795.png,117,122,80
,,,0.2865450988890829,0.4147273786294934,0.22810000959279184,796.png,79,145,103
,,,0.24449612692023626,0.29875969703275207,0.1927000148575025,797.png,74,129,144
,,,0.24449633228085543,0.29875985344641115,0.1927000148575025,798.png,74,129,144
,,,0.29205380397881625,0.27979375758786956,0.1511000029872915,799.png,112,105,130
,,,0.3224556502176968,0.3322455581558874,0.1629000018013258,800.png,117,111,110
,,,0.3224561359575333,0.3322451930462001,0.1629000018013258,801.png,117,111,110
,,,0.2406985755358925,0.3656310361522691,0.24020002033017077,802.png,32,151,133
,,,0.24949857052722396,0.3687309937699144,0.23370002165761997,803.png,51,148,128
,,,0.23420016677963867,0.2580001778765778,0.1743000154165856,804.png,77,120,157
,,,0.2329001388059161,0.2600002250795063,0.17670001302187707,805.png,75,121,157
,,,0.23350014263484486,0.2605001887026211,0.17659999486792308,806.png,75,121,157
,,,0.2113202618137558,0.35295688034164496,0.26440001362653726,807.png,0,161,149
,,,0.2247002006478131,0.2547001917197903,0.1795999012678204,808.png,66,123,162
,,,0.23422565696076864,0.25259764483735403,0.17090001345804604,809.png,79,118,158
,,,0.5146009150881503,0.3085658789924064,0.09509999530084674,810.png,158,46,61
,,,0.3198874937248793,0.5084708822896432,0.2520999915389206,811.png,82,154,61
,,,0.2832918425985072,0.23902219875939817,0.1338999961192459,812.png,116,93,141
,,,0.2501969427008373,0.3028537270596969,0.1920999899488394,813.png,79,129,142
,,,0.2279001057889399,0.25700020626136627,0.17899999000567485,814.png,69,123,160
,,,0.23130016784111718,0.26130014144382285,0.17939999055807765,815.png,72,123,158
,,,0.2483985997255644,0.37483100125306706,0.23990001444242365,816.png,45,150,128
,,,0.5162337627896975,0.3071428621434334,0.09459999567145051,817.png,158,44,61
,,,0.2573985143086561,0.3632310111618467,0.22439998988318546,818.png,65,143,127
,,,0.5403632046559113,0.3106752387367059,0.0915000003218584,819.png,160,38,54
,,,0.53746322207598,0.3156752283388136,0.09350000978820537,820.png,160,42,53
,,,0.24449858917629738,0.36753100937169125,0.2396999797087086,821.png,41,150,131
,,,0.25499860084135273,0.3634310031182372,0.22729999732134906,822.png,62,145,128
,,,0.5224216998932762,0.31849386456263423,0.09729999595738527,823.png,158,48,57
,,,0.2505073705670475,0.36501600536151535,0.23280000182082475,824.png,55,147,129
,,,0.5265067175283991,0.3184058556468167,0.09669999636452631,825.png,159,47,56
,,,0.4191099660657483,0.3965968671036326,0.15149999786154858,826.png,137,102,65
,,,0.2485252945522003,0.3719341433735121,0.23959998908880978,827.png,47,150,129
,,,0.23370011515451825,0.2630002011410317,0.18019998804516604,828.png,75,123,157
,,,0.5206369563143559,0.3197920226578707,0.09840000241278908,829.png,158,50,57
,,,0.23360014608710963,0.25360010895897167,0.17409999378074456,830.png,78,119,159
,,,0.2913718171882005,0.4154405288528844,0.22870002563816771,831.png,84,144,102
,,,0.4035705049884979,0.3907467969519434,0.15539999694922246,832.png,135,104,71
,,,0.49782874737411537,0.3120347632697361,0.10060000740563077,833.png,157,53,65
,,,0.4035709546585133,0.39074685514071655,0.15539999694922246,834.png,135,104,71
,,,0.3080166507017108,0.4800537151567,0.25029997557438005,835.png,80,153,77
,,,0.308017195227362,0.48005415723199124,0.25030001666069146,836.png,80,153,77
,,,0.23110015643936146,0.26050021115711375,0.1816000002168437,837.png,73,123,159
,,,0.2921267163462316,0.4142986286858722,0.22889998069281225,838.png,85,144,102
,,,0.2909681147202621,0.41517938217284434,0.23030000560078503,839.png,84,145,103
,,,0.29096793893352696,0.4151789965027009,0.23030000560078503,840.png,84,145,103
,,,0.25200737369798787,0.36371604401978624,0.2329999889685845,841.png,58,147,130
,,,0.5359631128277866,0.30217529333490767,0.09109999528313804,842.png,162,34,58
,,,0.24689856183151795,0.37073102945934716,0.24280001655888128,843.png,45,151,130
,,,0.24899861106985088,0.3692309932210872,0.23990001444242365,844.png,50,150,130
,,,0.306122348841068,0.5153062149297906,0.27270001972302804,845.png,69,161,65
,,,0.23530014028878882,0.25650019631538484,0.17659999486792308,846.png,79,120,158
,,,0.2486985446528972,0.3740310089310355,0.24399998660430716,847.png,47,151,129
,,,0.4110939646710783,0.3812058805854175,0.15049998900411007,848.png,138,100,72
,,,0.41109453597055395,0.381205800693401,0.15049998900411007,849.png,138,100,72
,,,0.2875861122182334,0.41455642435357026,0.234100010975105,850.png,81,146,104
,,,0.24299857958400134,0.36493099477871077,0.24399998660430716,851.png,39,151,133
,,,0.36572198931323113,0.41205575674055356,0.18319999047274946,852.png,122,121,78
,,,0.23880009242270075,0.2599000792078882,0.17699999239483416,853.png,82,120,156
,,,0.23500015684857645,0.254400187628368,0.17610000705983692,854.png,80,120,159
,,,0.2888996224898859,0.2708001106030947,0.15269999047555197,855.png,114,104,135
,,,0.24900733578465503,0.3651160462573745,0.2388999769193711,856.png,52,149,131
,,,0.23660012627177723,0.25650017627626154,0.17670001302187707,857.png,81,120,158
,,,0.2983161901055132,0.41562993202458676,0.2271000222271821,858.png,90,143,100
,,,0.2523985619241572,0.37233102584240885,0.24069998533743256,859.png,55,150,128
,,,0.5499631893119793,0.31647524348458816,0.09400000562571642,860.png,163,38,50
,,,0.238200128255396,0.2568001922586131,0.17630000424700432,861.png,83,120,158
,,,0.29205381498221855,0.27539374204374173,0.1542999983581289,862.png,115,105,133
,,,0.2499985720091812,0.36933100999314106,0.24180002065042963,863.png,52,150,130
,,,0.28895380902153867,0.2693937852689949,0.1525999868794084,864.png,115,104,135
,,,0.2514073668433294,0.36461601031046476,0.2373999864037082,865.png,57,148,130
,,,0.249607364432126,0.366316024290893,0.2407999814380536,866.png,53,150,131
,,,0.2522986026667351,0.36883097306204954,0.24050000618203618,867.png,57,149,129
,,,0.5290631401428917,0.3008752629682636,0.09359999791504389,868.png,162,37,61
,,,0.2907995821911673,0.26920003949169613,0.1524000221455874,869.png,116,103,135
,,,0.25250736449661926,0.36471600110153063,0.23779998622431617,870.png,59,148,130
,,,0.2523073934363156,0.3639159966701158,0.23750001866086284,871.png,59,148,131
,,,0.2514073729364585,0.3636159902083536,0.23820001771569257,872.png,58,148,131
,,,0.29079962670474496,0.26870001394483384,0.15220000363211497,873.png,116,103,135
,,,0.25130740107564786,0.3659159891603657,0.24000000860820828,874.png,56,149,131
,,,0.546363133593998,0.30327528959291356,0.0915000003218584,875.png,164,31,55
,,,0.2506073503424447,0.3643160125448592,0.23979999814367123,876.png,56,149,131
,,,0.2897996428580898,0.2730000687613254,0.15540001937522563,877.png,115,105,135
,,,0.24990738208754265,0.3643159961256266,0.24050000618203618,878.png,55,149,132
,,,0.24860737359792595,0.36271602818850907,0.2409000052296766,879.png,53,149,133
,,,0.25090738002364543,0.36281603976380783,0.2388999769193711,880.png,57,149,132
,,,0.24970735152550871,0.3642160485551776,0.2409999765917642,881.png,55,149,132
,,,0.2512073453291687,0.36591602988553734,0.2407999814380536,882.png,56,149,131
,,,0.25120736840028035,0.3643160092144827,0.23979999814367123,883.png,57,149,131
,,,0.2515073430057238,0.36541601203876006,0.24029998788005433,884.png,57,149,131
,,,0.25120734376064174,0.3637160063672942,0.23959998908880978,885.png,57,149,131
,,,0.25479856106286664,0.3630310427499507,0.23580001097772144,886.png,63,147,130
,,,0.25110738181966274,0.36641602050366334,0.24160000441661766,887.png,56,150,131
,,,0.25100736782481253,0.3621160160140034,0.2388999769193711,888.png,58,148,132
,,,0.2510073537683481,0.3624160503981097,0.23919999574833511,889.png,58,149,132
,,,0.23179085235205008,0.26366561569505353,0.18860000830098408,890.png,73,126,160
,,,0.27486736183447913,0.36206897453014625,0.21840001973965653,891.png,86,139,122
,,,0.2490985372738618,0.3631309958394839,0.24170001880994488,892.png,54,150,133
,,,0.27486790091228636,0.36206875616903844,0.21840001973965653,893.png,86,139,122
,,,0.2366001476665435,0.26440012544764124,0.1853000023292012,894.png,79,124,158
,,,0.25240736164289135,0.3618159904430746,0.23790001165253088,895.png,60,148,132
,,,0.21358728123480722,0.34444191298342114,0.26770000248827014,896.png,0,161,153
,,,0.2375001843149229,0.26450013030892916,0.18489998843709526,897.png,80,124,158
,,,0.25190734343889526,0.36531605064609896,0.2407999814380536,898.png,58,149,131
,,,0.26777369842644055,0.354183441971375,0.21969999424772416,899.png,82,140,127
,,,0.26777336816017633,0.3541830051292097,0.21969999424772416,900.png,82,140,127
,,,0.25430735504540536,0.36591600877096936,0.23900001174499294,901.png,61,148,130
,,,0.25180736905027745,0.3635160345328626,0.23990001444242365,902.png,59,149,131
,,,0.2444833256065634,0.35716414750873204,0.24279997629746577,903.png,49,150,136
,,,0.24448367980004268,0.35716389999793513,0.24280001655888128,904.png,49,150,136
,,,0.25110734274425844,0.3651160280759077,0.24179998049963708,905.png,57,150,131
,,,0.2534073775341777,0.36431600720094504,0.2390999848263075,906.png,61,148,131
,,,0.25060734136504154,0.3662160077562798,0.24309997684391818,907.png,55,150,131
,,,0.3071808821500586,0.5157837538413491,0.27939998463896043,908.png,70,163,65
,,,0.2512073672560644,0.3631160341521138,0.24069998533743256,909.png,58,149,132
,,,0.25040736504531613,0.3653160132989025,0.24299999957494578,910.png,55,150,132
,,,0.25070734890569607,0.3636160299862698,0.24160000441661766,911.png,57,149,132
,,,0.2894873581995329,0.2780186853630335,0.1599999870042477,912.png,114,108,134
,,,0.24970734600713088,0.3626160136811905,0.24199998655523444,913.png,56,150,133
,,,0.29245381125590225,0.28199376747319105,0.16070000079891905,914.png,115,108,133
,,,0.2323492955475502,0.26423890991583027,0.18974999570143886,915.png,74,126,160
,,,0.2513073890868271,0.36321600514116936,0.24120000228274216,916.png,58,149,132
,,,0.2513073725514492,0.3638160204365358,0.24189996974680092,917.png,58,149,132
,,,0.2900537928844473,0.27599374354452466,0.15900000323549493,918.png,115,107,135
,,,0.24949858693306812,0.3687310320957988,0.247000018876064,919.png,52,152,132
,,,0.2513073761857616,0.36371602593025204,0.24189996974680092,920.png,58,149,132
,,,0.3069019711959688,0.5152349272281909,0.2807000068268108,921.png,70,163,66
,,,0.2513073682946069,0.3640160390282759,0.24219999233467232,922.png,58,150,132
,,,0.2519073668830075,0.3633160259978365,0.24120000228274216,923.png,59,149,132
,,,0.2525073800227824,0.3649159892857468,0.24170001880994488,924.png,59,149,131
,,,0.2500073758263123,0.3635160189412685,0.24319998153150196,925.png,56,150,133
,,,0.25280736124880704,0.3677160027704287,0.24330001364145618,926.png,58,150,131
,,,0.29119961845125647,0.2721000744700933,0.15629998735679354,927.png,117,105,135
,,,0.251907357201772,0.36411597794052075,0.24179998049963708,928.png,59,149,132
,,,0.25270738528450853,0.3646160408572978,0.2413999882222174,929.png,60,149,131
,,,0.24970736513179603,0.3632160046192694,0.24339999252209818,930.png,55,150,133
,,,0.414598852329021,0.4537940097174779,0.18319999047274946,931.png,133,119,47
,,,0.24070015212110704,0.2658001768745217,0.18489998843709526,932.png,83,123,156
,,,0.25699858098868583,0.37123100911778517,0.24190000990866137,933.png,63,149,128
,,,0.2495073480394445,0.36491603528989486,0.2450000197474318,934.png,54,151,133
,,,0.2534073810417388,0.3624159966598546,0.23959998908880978,935.png,62,148,132
,,,0.2499073270908127,0.36401601948724577,0.24410000562037515,936.png,55,150,133
,,,0.25230733006427786,0.36391599430620764,0.24179998049963708,937.png,59,149,132
,,,0.25260735888393315,0.36251602411310324,0.24069998533743256,938.png,61,149,132
,,,0.24860736753559792,0.3662160351325767,0.24710000055816742,939.png,52,152,133
,,,0.2516073266934202,0.3649160225245241,0.24330001364145618,940.png,58,150,132
,,,0.2518073823484143,0.363816032813908,0.24239999768570067,941.png,59,150,132
,,,0.2548985818616076,0.3673310290169598,0.24180002065042963,942.png,62,149,130
,,,0.2520073551772507,0.3649159977188997,0.24299999957494578,943.png,59,150,132
,,,0.2514073661024985,0.3638159866439078,0.24299999957494578,944.png,58,150,132
,,,0.25130736287937877,0.36311602366248463,0.24269997061468673,945.png,58,150,132
,,,0.28645384827083625,0.2787937509845997,0.1635000035672394,946.png,113,110,136
,,,0.2516073386786747,0.36431601885205345,0.24330001364145618,947.png,58,150,132
,,,0.251207358610124,0.36361602134703297,0.24339999252209818,948.png,58,150,132
,,,0.24970734956871052,0.3642160521408848,0.24530000524179932,949.png,55,151,133
,,,0.25070733086525687,0.3640160408787451,0.24420001154946924,950.png,57,150,133
,,,0.29549971526924473,0.27580005584063205,0.15700002061922072,951.png,118,105,133
,,,0.2525073696101,0.3637160294730029,0.242299981252399,952.png,60,149,132
,,,0.2507073520088672,0.3633160156366242,0.24399998660430716,953.png,57,150,133
,,,0.25140733875259796,0.3624160170256344,0.24279997629746577,954.png,59,150,133
,,,0.2511073512552155,0.3636160363376351,0.24389999491357042,955.png,58,150,133
,,,0.25170737445929725,0.36511603093633027,0.24439999413876032,956.png,58,150,132
,,,0.2900537814993267,0.27919374939121766,0.16219997776721579,957.png,115,108,135
,,,0.2510073444625703,0.3599160016913728,0.24170001880994488,958.png,59,149,133
,,,0.250507367158587,0.3625159953025543,0.24399998660430716,959.png,57,150,133
,,,0.2510073325644362,0.36391600789480744,0.2444999707457306,960.png,58,150,133
,,,0.251407361861193,0.36401602507934255,0.24420001154946924,961.png,58,150,132
,,,0.26109855571567886,0.3631310054737351,0.23460000704484898,962.png,72,146,129
,,,0.25150732640405654,0.36351605395836795,0.24389999491357042,963.png,59,150,133
,,,0.25020739247743684,0.3629160469166541,0.24479997306379137,964.png,57,150,133
,,,0.2528073355477691,0.36381601910730826,0.2428999792439999,965.png,61,149,132
,,,0.24860735498188002,0.36161604005743425,0.24570000144583287,966.png,55,151,134
,,,0.25380735355195116,0.3636160196022877,0.24210000079073746,967.png,62,149,132
,,,0.28765380407340757,0.2731937906384336,0.16049997771667382,968.png,115,107,137
,,,0.5468632020432951,0.30837523505911285,0.09530000826622823,969.png,166,35,54
,,,0.539563170393667,0.30297524482141674,0.09489999334934929,970.png,165,34,58
,,,0.2519073164289586,0.36271602702034716,0.24339999252209818,971.png,60,150,133
,,,0.2514073738076602,0.3618160107094968,0.24339999252209818,972.png,59,150,133
,,,0.2519073586857022,0.36471600728184866,0.2448999878499121,973.png,59,150,132
,,,0.25060735711368637,0.3632159702426292,0.24519997275321445,974.png,57,150,133
,,,0.2514073410763317,0.3652160303919011,0.2458000176529633,975.png,58,151,132
,,,0.252807378072244,0.3618160146748964,0.24219999233467232,976.png,62,149,133
,,,0.25180736437505735,0.36451598992872514,0.24519997275321445,977.png,59,150,132
,,,0.29389318258411506,0.41811239252167604,0.24100000663840143,978.png,87,148,103
,,,0.25320735469300015,0.36471599897625806,0.24410000562037515,979.png,61,150,132
,,,0.30518564812771865,0.41555667348912045,0.23079998843971009,980.png,96,143,100
,,,0.25539855767369934,0.3628310358874356,0.2407999814380536,981.png,65,148,131
,,,0.2518073768618583,0.363816003698199,0.2448999878499121,982.png,59,150,133
,,,0.2522073609417024,0.36371603645492917,0.2444999707457306,983.png,60,150,132
,,,0.2509073335188844,0.36431606160391844,0.24619997801611487,984.png,57,151,133
,,,0.2929538031501734,0.2710937594544554,0.15699999051299113,985.png,118,105,136
,,,0.2519073621738057,0.36321598595767585,0.2448999878499121,986.png,60,150,133
,,,0.29450538574405394,0.41775028734914776,0.2409999765917642,987.png,88,148,103
,,,0.2945053453591879,0.4177500922426544,0.2409999765917642,988.png,88,148,103
,,,0.30498740873947716,0.27843568143366204,0.15519998308166835,989.png,123,103,130
,,,0.2520073817670166,0.3653160247128604,0.24670000167985273,990.png,59,151,132
,,,0.3165922681704648,0.5236234941220823,0.28150001415027576,991.png,78,163,58
,,,0.2517073593265013,0.3620160273997052,0.2450000197474318,992.png,60,150,133
,,,0.25689856497638996,0.36493103524315545,0.24199998655523444,993.png,66,149,131
,,,0.25160736858265226,0.36481602233896426,0.24710000055816742,994.png,58,151,133
,,,0.25190733769040563,0.3645160202269322,0.24670000167985273,995.png,59,151,133
,,,0.2514073459803778,0.36361602435832924,0.24660001606146364,996.png,59,151,133
,,,0.2544073537541749,0.36401600617744634,0.24399998660430716,997.png,63,150,132
,,,0.25739858592413023,0.36233097866573766,0.24010000058445793,998.png,68,148,131
,,,0.25864130358494,0.364463169970369,0.24039998316272737,999.png,69,148,130
,,,0.2586416774612904,0.3644629314752002,0.24040002315839062,1000.png,69,148,130
,,,0.26039859517835257,0.3675310375242789,0.2407999814380536,1001.png,70,148,129
,,,0.5275027772426406,0.31242275955906895,0.10110000996270707,1002.png,164,45,59
,,,0.25200736987079453,0.36431603787586486,0.2469999781516767,1003.png,59,151,133
,,,0.2563985442080738,0.36123103630088355,0.2407999814380536,1004.png,67,148,132
,,,0.25250738766034225,0.3650160262632806,0.24730001428906634,1005.png,60,151,133
,,,0.29399960531405694,0.27210005685920824,0.15839999914680072,1006.png,119,105,136
,,,0.25280736996682607,0.3631160227058438,0.2458999899426334,1007.png,61,150,133
,,,0.29319957491697396,0.2745000570374541,0.16029998331242298,1008.png,118,106,135
,,,0.29409965136359506,0.27270006023432153,0.15880000572985212,1009.png,119,105,135
,,,0.4900589691810839,0.3400803799810067,0.11887499956589809,1010.png,158,69,62
,,,0.2934224233103522,0.27183965580512576,0.15869998651061087,1011.png,119,105,136
,,,0.2938995718296762,0.2786000565398737,0.1623999709300015,1012.png,118,108,134
,,,0.29469964636291796,0.27390004478678515,0.1593000178416664,1013.png,119,106,135
,,,0.28915379797731344,0.2802937700502283,0.16629997824029485,1014.png,115,110,136
,,,0.24899858954491716,0.3684310090247562,0.2540000086734287,1015.png,52,154,134
,,,0.2959996357330718,0.2760001202589154,0.16019996834323494,1016.png,120,106,134
,,,0.2944996418790077,0.2715000684961685,0.15839999914680072,1017.png,120,105,136
,,,0.255307352743918,0.3637160597808272,0.24479997306379137,1018.png,65,150,132
,,,0.2523073721048184,0.3635160324988918,0.24769999828082992,1019.png,60,151,133
,,,0.24959855360757008,0.37203102978263625,0.2563000080999239,1020.png,51,154,133
,,,0.25330736874555637,0.3656159998517335,0.24819998695103887,1021.png,61,151,132
,,,0.29305380092207695,0.27819375166884963,0.1632999966747859,1022.png,118,108,135
,,,0.2867537880584882,0.2742937479752421,0.1645999901349469,1023.png,116,109,138
,,,0.25150735711383704,0.36311600945888817,0.2484999716620401,1024.png,59,151,134
,,,0.29409963385230725,0.2748000188660069,0.1608999528265251,1025.png,119,106,135
,,,0.2537073221918278,0.36241606699907003,0.24619997801611487,1026.png,63,150,133
,,,0.29419965932367326,0.2753001109705707,0.1613999987297807,1027.png,119,107,135
,,,0.23549486479827633,0.2612966282181453,0.1914000206706318,1028.png,80,126,162
,,,0.29299967098365814,0.2741000473755425,0.1613999987297807,1029.png,119,107,136
,,,0.2515073242073635,0.3636160490814365,0.249600004801218,1030.png,59,152,134
,,,0.2929996806200221,0.27580009955773127,0.16259995121693382,1031.png,119,107,136
,,,0.25130735960186446,0.36291604108470465,0.24949997506724078,1032.png,59,151,134
,,,0.28682846987531774,0.27206400382356727,0.16399998738782523,1033.png,116,108,139
,,,0.29439963079506515,0.2756001129122037,0.16189999637705918,1034.png,119,107,135
,,,0.29535381116426407,0.27699376909234824,0.16240000172266453,1035.png,120,107,135
,,,0.298599663459944,0.2706999931893085,0.15700002061922072,1036.png,122,104,135
,,,0.5582631891762008,0.29847525063847924,0.09260000538200448,1037.png,169,21,55
,,,0.29569952463117144,0.2726000868500568,0.1596999922009252,1038.png,121,105,136
,,,0.2605985863711052,0.36333100136577373,0.24160000441661766,1039.png,72,148,130
,,,0.25160736837508074,0.3648160170494621,0.2514000050661263,1040.png,59,152,134
,,,0.2957996722742938,0.27490006007553336,0.16119995428382705,1041.png,120,106,135
,,,0.23621513761994714,0.26181073954279266,0.19229998889107044,1042.png,81,126,162
,,,0.29599969735264825,0.2708000933414809,0.15880000572985212,1043.png,121,105,136
,,,0.29235381360171175,0.27949377652583857,0.16599999174242983,1044.png,118,109,136
,,,0.2525073615363962,0.36091600024868853,0.24840000101432283,1045.png,62,151,134
,,,0.25230736343469645,0.3645160170046778,0.25110000650898845,1046.png,60,152,134
,,,0.29639958281905776,0.27350013812165386,0.16069997022152413,1047.png,121,106,135
,,,0.3004484164670946,0.2838909849357214,0.1645999901349469,1048.png,121,108,132
,,,0.25250735516521733,0.36531601836742533,0.2520999915389206,1049.png,60,152,134
,,,0.2959996811543634,0.2740000628176326,0.16149998327906562,1050.png,121,106,136
,,,0.29629963241301815,0.2736000864119192,0.16119995428382705,1051.png,121,106,136
,,,0.2965996472187833,0.27530010744028416,0.16209994283461224,1052.png,121,106,135
,,,0.29789965796795975,0.2720000454262489,0.15960000630600843,1053.png,122,105,135
,,,0.48592084586436185,0.34118986834356047,0.12289999391856556,1054.png,159,71,64
,,,0.27342263435904396,0.34915644459927586,0.223599968422208,1055.png,90,139,129
,,,0.2734228666800347,0.3491567667828205,0.22360000653210474,1056.png,90,139,129
,,,0.25659857195676083,0.3632309809789296,0.24800000882549905,1057.png,68,150,133
,,,0.31711288580224467,0.5180897336749022,0.2864000103643489,1058.png,81,164,62
,,,0.25390735228134703,0.3633160047634512,0.25129999961058525,1059.png,64,152,134
,,,0.29619964083122813,0.28289999476737177,0.16779997492698592,1060.png,120,110,134
,,,0.2619985430969061,0.36043101349892664,0.24190000990866137,1061.png,76,147,131
,,,0.31609194304989946,0.518318975668822,0.28860002269052115,1062.png,80,165,62
,,,0.30835240504211336,0.5079666985952576,0.29010001748213154,1063.png,76,165,70
,,,0.29445381928242254,0.27809375032460326,0.16650000812768856,1064.png,120,109,136
,,,0.2969996225063046,0.27420006992832036,0.16309997539270446,1065.png,122,106,136
,,,0.30826937736863436,0.5076762021291817,0.29099998302455576,1066.png,76,166,70
,,,0.30929462288520576,0.5055137508802836,0.288799978662179,1067.png,78,165,71
,,,0.30826945236976006,0.5076758617041797,0.29099998302455576,1068.png,76,166,70
,,,0.4869208772949732,0.34108981043258024,0.12379998784559035,1069.png,160,71,64
,,,0.2629985852021423,0.363630995877543,0.24439999413876032,1070.png,76,148,131
,,,0.2490985264145031,0.36663105855003864,0.26059998215990293,1071.png,54,155,136
,,,0.2509073510765934,0.3621160122548153,0.25580000293851307,1072.png,60,153,136
,,,0.3097965841969443,0.32800380336343604,0.1882999889850948,1073.png,119,121,121
,,,0.3033246930978807,0.41551567693822317,0.24369998250081495,1074.png,97,147,103
,,,0.303324819959644,0.4155157704257064,0.24370002286166256,1075.png,97,147,103
,,,0.49617689043562274,0.34067844957901294,0.12252498496601627,1076.png,162,69,61
,,,0.25439857884659256,0.363231015152555,0.255300013609902,1077.png,65,153,135
,,,0.24849852977204345,0.37073102299514177,0.2672000042518226,1078.png,51,157,136
,,,0.4967509191428592,0.3467224242133093,0.1253749928965587,1079.png,162,71,59
,,,0.3092942833211603,0.45886404618312565,0.26660001233873865,1080.png,91,156,88
,,,0.3092946376331839,0.45886371389465647,0.26660001233873865,1081.png,91,156,88
,,,0.4907209088854542,0.34128978435154206,0.12509999001156674,1082.png,162,71,63
,,,0.31696625775757864,0.5079195633853503,0.2885999775131655,1083.png,85,164,67
,,,0.41609885607868086,0.45409403565750583,0.19659998667582357,1084.png,138,123,48
,,,0.49512194803095116,0.3381884051349837,0.12304998115824696,1085.png,163,69,63
,,,0.24513676651781832,0.2580601199932748,0.1896999906326109,1086.png,93,123,161
,,,0.24909856182613543,0.3644310054506623,0.2639999845047578,1087.png,56,156,138
,,,0.26404328930789545,0.3143651584534062,0.21490000257612407,1088.png,94,134,142
,,,0.2640428700168682,0.3143646592531025,0.21490000257612407,1089.png,94,134,142
,,,0.4871208296244335,0.33638985944632194,0.12479998608678868,1090.png,162,70,66
,,,0.24859858414495797,0.3630310258379598,0.2640999991755229,1091.png,56,156,138
,,,0.24574115606481065,0.25870374507462457,0.1905999879010102,1092.png,94,123,161
,,,0.2487985624306854,0.3620309748744644,0.2643000084305159,1093.png,57,156,139
,,,0.38087332089165743,0.40593069771651547,0.19440001589481276,1094.png,135,121,79
,,,0.25349853757906954,0.363430990632859,0.26180000183536517,1095.png,64,155,137
,,,0.2507985798679274,0.3632309676214575,0.2654999841519128,1096.png,60,156,138
,,,0.3205374169841891,0.5098586765800786,0.29219999411602116,1097.png,88,165,65
,,,0.49742089357818453,0.3415898202770416,0.12619999852007002,1098.png,164,70,61
,,,0.27420578375166005,0.4217515847135463,0.2826999932827616,1099.png,69,162,114
,,,0.27420543998373764,0.42175105596953494,0.2826999932827616,1100.png,69,162,114
,,,0.5347993476914595,0.3303968677687757,0.11390000038526467,1101.png,169,54,53
,,,0.25979855928675627,0.3633310345529123,0.2580999988610976,1102.png,74,153,135
,,,0.27391331821694814,0.42162228878434665,0.28430001544172967,1103.png,69,162,114
,,,0.3890993673372089,0.4031986318679075,0.19159999771240696,1104.png,138,119,78
,,,0.3064064683799904,0.2776030203621295,0.16769999400561664,1105.png,128,107,135
,,,0.3211375478812912,0.5084099055228387,0.29319999158584037,1106.png,89,165,66
,,,0.3925628815432459,0.42446651935648294,0.20090000806796698,1107.png,137,124,70
,,,0.40307889686642656,0.43430151035167935,0.2002999983433466,1108.png,139,123,62
,,,0.3994849546402156,0.43080843327225565,0.20079999281930286,1109.png,138,123,65
,,,0.48629094476122064,0.34371342542897226,0.13162500596627041,1110.png,163,74,65
,,,0.39441365795768285,0.42763484070412267,0.20210002159916785,1111.png,137,124,68
,,,0.39441387442310943,0.4276343877339987,0.20209998597313442,1112.png,137,124,68
,,,0.4889499023883518,0.3408744005355119,0.12995000195015194,1113.png,164,73,65
,,,0.40297859750601417,0.43427585292262755,0.20120002218555894,1114.png,139,123,63
,,,0.3173174532963887,0.5093378777004308,0.299999985981722,1115.png,86,167,68
,,,0.31731791564191153,0.5093380002142759,0.299999985981722,1116.png,86,167,68
,,,0.3061996878431742,0.32469986621825214,0.19860000950175125,1117.png,120,124,126
,,,0.3675750500707623,0.3883548183646364,0.1981000191554945,1118.png,135,122,90
,,,0.26137784779671264,0.2549756353269519,0.18319999047274946,1119.png,109,116,158
,,,0.2747188527674638,0.3243756182811822,0.2220999855082414,1120.png,101,136,138
,,,0.39433988673414017,0.43207549388081506,0.20610002200856956,1121.png,137,126,67
,,,0.27902150999215786,0.4326167181758289,0.29179998867129675,1122.png,72,164,110
,,,0.31009654786413887,0.3282037842186391,0.1991999819787813,1123.png,122,124,124
,,,0.26196438211062534,0.2555648258768203,0.18370000021800484,1124.png,110,117,158
,,,0.37657404397863825,0.391964864632095,0.19609999938662953,1125.png,137,121,86
,,,0.37657421526314444,0.39196492201212774,0.19609999938662953,1126.png,137,121,86
,,,0.2731484802516664,0.42080872666867597,0.29039999232013736,1127.png,69,164,116
,,,0.3734892037546766,0.39469030508228164,0.1991999819787813,1128.png,136,122,86
,,,0.37348918675183823,0.39468992599956404,0.1991999819787813,1129.png,136,122,86
,,,0.2731488012632609,0.42080856366664016,0.29039999232013736,1130.png,69,164,116
,,,0.2788944813989125,0.42684011483510986,0.288799978662179,1131.png,74,163,112
,,,0.2497357553707849,0.2559521305053741,0.19349999989591674,1132.png,100,122,163
,,,0.25029939252270594,0.2565228553888623,0.1936500126670379,1133.png,101,122,163
,,,0.249298589771605,0.3678310113667376,0.27890000150371086,1134.png,56,160,140
,,,0.4868208801152206,0.3414897987548262,0.13269999003485733,1135.png,165,74,66
,,,0.48692084991746776,0.3394898519737821,0.13209998498621553,1136.png,165,73,66
,,,0.26929582527183854,0.31143564381047656,0.2194999760495166,1137.png,101,134,144
,,,0.2692963127704415,0.31143611176518393,0.2194999760495166,1138.png,101,134,144
,,,0.27382838881004323,0.4200432734865291,0.2912999755072052,1139.png,70,164,116
,,,0.3116996719349965,0.33139988510189733,0.2020000180036038,1140.png,123,125,123
,,,0.32118640862377756,0.4758101795619206,0.28159997875872894,1141.png,98,159,80
,,,0.4922029685001536,0.3415073792239369,0.1319499886800121,1142.png,166,73,64
,,,0.37345379444894317,0.2603573674247294,0.13259999106377346,1143.png,153,76,118
,,,0.4886049970111404,0.33947437155359644,0.13219998748317466,1144.png,166,73,66
,,,0.32058635316061823,0.4719102119737624,0.2805999892992083,1145.png,99,159,82
,,,0.4864559252531417,0.34450839009276396,0.13512500213200623,1146.png,165,76,65
,,,0.3083997234549713,0.3289998233654821,0.20360003769748575,1147.png,122,125,125
,,,0.47768795954800297,0.3413123845084028,0.13652500918735466,1148.png,164,77,69
,,,0.2695778627244203,0.2567606549101519,0.1822999859270127,1149.png,115,115,155
,,,0.4778459367023076,0.344732394508069,0.13809999146592164,1150.png,164,78,68
,,,0.4878208286873369,0.3407898246261875,0.13379998371553883,1151.png,166,74,66
,,,0.39983329382365657,0.5059285827016538,0.24319998153150196,1152.png,131,142,24
,,,0.3141997304692157,0.3395998420109501,0.2079000216647548,1153.png,123,127,121
,,,0.31092437186179195,0.3343568084094693,0.20689999924374744,1154.png,122,127,124
,,,0.30900132872899755,0.33279950738543446,0.2073999846896132,1155.png,122,127,125
,,,0.25789859969565937,0.3625310076059452,0.27069997912965843,1156.png,73,156,138
,,,0.3157997757819564,0.3382998851341614,0.20630004160929985,1157.png,124,126,121
,,,0.4974818958679387,0.33682043593427746,0.13039998864811406,1158.png,168,70,64
,,,0.3642722528696059,0.38582228670048035,0.20410000202306106,1159.png,136,124,93
,,,0.4895899426204548,0.3437224063869018,0.1353749916126826,1160.png,167,75,65
,,,0.42330480645424684,0.2885670093995525,0.13149998558803302,1161.png,161,72,98
,,,0.3070013079216697,0.3274995113102767,0.206000002074369,1162.png,122,126,127
,,,0.3114997574171652,0.33029987221252277,0.2048000124472434,1163.png,124,125,125
,,,0.2475986148373089,0.3629310085020964,0.28339999868811916,1164.png,56,161,143
,,,0.30589973978825785,0.3201997996836093,0.20250004498067178,1165.png,123,124,129
,,,0.3230863613213838,0.48481021526313367,0.29039999232013736,1166.png,98,162,76
,,,0.38535078188490063,0.26930737996871074,0.13530001558702096,1167.png,156,77,113
,,,0.3941798250641603,0.43956037263792685,0.2159999813793109,1168.png,138,129,65
,,,0.39417988529310527,0.43956046972684665,0.21600001862069018,1169.png,138,129,65
,,,0.5032208180380742,0.3412898300649862,0.13140000223961873,1170.png,169,70,61
,,,0.484301891777659,0.3390554527983998,0.1358000032025911,1171.png,167,75,68
,,,0.3134997463925577,0.3299999069636113,0.2042000517510064,1172.png,125,125,124
,,,0.3267863752494074,0.47831022927804945,0.28410000748860004,1173.png,103,160,78
,,,0.2486985374748838,0.36343100633404235,0.2837000162204398,1174.png,58,161,143
,,,0.48738690942235335,0.3364704455319419,0.1340499963816296,1175.png,167,73,68
,,,0.4913208588542961,0.3415898649054486,0.13500000718465843,1176.png,167,74,65
,,,0.31289974109981317,0.3314998351506055,0.20590002352286094,1177.png,124,126,124
,,,0.3081997399362527,0.3237998649812005,0.2043000354885037,1178.png,124,125,128
,,,0.4964209000724012,0.3414897666557973,0.13379998371553883,1179.png,168,72,64
,,,0.30620133684220563,0.3285994708385058,0.2088000152262709,1180.png,122,127,127
,,,0.28004026148884775,0.4187653183647261,0.29099998302455576,1181.png,79,163,115
,,,0.4364208167089272,0.2998430285316358,0.13370000083856443,1182.png,163,73,92
,,,0.2800404539087558,0.4187650523692279,0.29099998302455576,1183.png,79,163,115
,,,0.2998156668646399,0.41284266186091856,0.26809998534963114,1184.png,99,154,109
,,,0.4963999167723385,0.3407883948929451,0.13370000083856443,1185.png,168,72,64
,,,0.3297863272503119,0.4697101886812669,0.27740000158098843,1186.png,107,157,80
,,,0.3332863772095927,0.47861016957272207,0.27980001830635637,1187.png,107,158,75
,,,0.4865208705778709,0.3377898268621878,0.13529998832309087,1188.png,167,74,68
,,,0.3100996760743257,0.32149991854817866,0.20210002159916785,1189.png,125,124,128
,,,0.3191997382801278,0.3376998375688618,0.20630004160929985,1190.png,126,125,121
,,,0.25509855594525255,0.3632310230272667,0.2778999971413108,1191.png,69,159,140
,,,0.48968288291676304,0.33960441025439286,0.1353749916126826,1192.png,168,74,66
,,,0.3117013515589541,0.3336994721588895,0.2090000106688622,1193.png,124,127,124
,,,0.4890749245214252,0.3484003961595703,0.13912498633343104,1194.png,167,77,64
,,,0.3333863953254568,0.4893101966825583,0.28670000458522116,1195.png,105,160,71
,,,0.2502985840058399,0.36323102076540226,0.28360001290987946,1196.png,61,161,142
,,,0.33268638734756006,0.48731020424315524,0.2864000103643489,1197.png,105,160,72
,,,0.32298637741881314,0.467010201834842,0.28289997896572877,1198.png,103,159,84
,,,0.48642089933698623,0.33428979912752543,0.1344999903208809,1199.png,168,72,69
,,,0.4858029709251735,0.33992537386314586,0.13707500361609362,1200.png,168,75,68
,,,0.5330993971907477,0.3294968682570771,0.12109999576891511,1201.png,174,56,56
,,,0.4829966080644116,0.3169048697149012,0.12859998921810376,1202.png,169,66,75
,,,0.3139013754398639,0.3327994705306944,0.20780000992753056,1203.png,125,126,124
,,,0.3997958286410138,0.3971453715620752,0.19479999305978923,1204.png,146,117,78
,,,0.3146997277698194,0.33329985218794456,0.2079000216647548,1205.png,126,126,124
,,,0.3995527798504203,0.3956893787874488,0.19459998373473816,1206.png,146,117,79
,,,0.31760136212189005,0.3342994892926727,0.2073999846896132,1207.png,127,126,123
,,,0.32199973858964875,0.34179992713974966,0.20920003352583152,1208.png,128,126,119
,,,0.3196310259815691,0.334034623241873,0.20639998701601037,1209.png,128,125,122
,,,0.4651209056546178,0.337089824707665,0.14319999734308705,1210.png,165,80,75
,,,0.2843574561036619,0.4222190182051044,0.29340002238097923,1211.png,84,163,114
,,,0.46542089369138273,0.3393898231261219,0.14409998264920057,1212.png,165,81,74
,,,0.3128996903186931,0.3336999075476773,0.21080003096405378,1213.png,125,127,125
,,,0.316399765979585,0.3298998151796671,0.206200002100389,1214.png,127,125,124
,,,0.33054813985626413,0.2464906400540463,0.14749999491000557,1215.png,146,87,137
,,,0.3069996821220101,0.3302998657256141,0.21300004252248003,1216.png,123,128,128
,,,0.39493575556313404,0.27492034623798706,0.13789999706713546,1217.png,159,77,111
,,,0.31099972799922937,0.3360998283578493,0.2142000450942325,1218.png,124,129,125
,,,0.3102531838296226,0.4524851493152003,0.28949999729234416,1219.png,98,161,94
,,,0.3102536349721084,0.4524847099637371,0.28949999729234416,1220.png,98,161,94
,,,0.28190207767074915,0.259048978430117,0.18249998124279207,1221.png,124,112,152
,,,0.2852831420169563,0.4215364997466661,0.29360001846529304,1222.png,85,163,114
,,,0.31379971422645425,0.331699840765324,0.21010000658500713,1223.png,126,127,125
,,,0.3152997639749198,0.33039987109260877,0.20840002537246416,1224.png,127,126,125
,,,0.3262863711422563,0.46501022764672284,0.28360001290987946,1225.png,106,159,84
,,,0.4030788327883095,0.3897103443940352,0.1923999973008221,1226.png,148,115,80
,,,0.3180997505778048,0.33349990579609207,0.2088000152262709,1227.png,128,126,123
,,,0.317301352055897,0.33819950070010574,0.21230000366890167,1228.png,127,128,123
,,,0.4988419349670971,0.34476938539958507,0.13767499810193598,1229.png,170,74,63
,,,0.3082013727970973,0.3254995187093052,0.21049999907985936,1230.png,125,127,129
,,,0.49186352945735956,0.33062088371039744,0.13410000102515898,1231.png,170,70,69
,,,0.32978637531833266,0.47221017342177873,0.2858999800960667,1232.png,107,159,80
,,,0.3142997528765191,0.32659987613464464,0.2075000402689798,1233.png,128,125,126
,,,0.4836046028781146,0.3413971761341826,0.14099999849107822,1234.png,169,77,69
,,,0.48410461462734716,0.34329719578393797,0.14180000539504614,1235.png,169,77,68
,,,0.31019975925819954,0.331499837102351,0.21390004159248147,1236.png,125,128,127
,,,0.3717734697205224,0.2980501294678772,0.16049997771667382,1237.png,152,95,113
,,,0.4758208334551203,0.3402898392320712,0.14340000229894365,1238.png,168,79,71
,,,0.4845046000284573,0.34339721505307336,0.1421999997010169,1239.png,169,78,68
,,,0.3149013711856914,0.3371995135879176,0.21490000257612407,1240.png,126,129,124
,,,0.35334513157515374,0.2552816645215149,0.14500000484727554,1241.png,153,83,128
,,,0.47277292739539495,0.33608042349160494,0.14272499917328652,1242.png,168,78,74
,,,0.31430132107102254,0.33029949380218276,0.2109999997028989,1243.png,127,127,126
,,,0.3123013348214903,0.3295994938805602,0.21220003018187947,1244.png,126,127,127
,,,0.47429241813698203,0.3408019080958193,0.1444999942083001,1245.png,168,80,72
,,,0.31251004136103705,0.32602959949022264,0.2097999820011659,1246.png,127,126,128
,,,0.3131996713888543,0.33599993185976246,0.2159000223257283,1247.png,126,129,125
,,,0.4832045481818985,0.3415972103556631,0.14240000358086236,1248.png,169,77,69
,,,0.4774319098093627,0.3395334434895474,0.14329998718175266,1249.png,169,78,71
,,,0.482204600936172,0.3432971968738368,0.14350000014382316,1250.png,169,78,69
,,,0.4829045634017813,0.3409971991712793,0.14240000358086236,1251.png,169,77,69
,,,0.48560455183528684,0.34239724220187884,0.14230000288716046,1252.png,170,77,68
,,,0.4818045641774434,0.34329723553663344,0.14379998864296686,1253.png,169,79,69
,,,0.48260459649498,0.3428971890488059,0.14340000229894365,1254.png,169,78,69
,,,0.48510455208608577,0.3421972246399905,0.14240000358086236,1255.png,170,77,68
,,,0.3114981765853858,0.3279901413631131,0.21280000106006483,1256.png,127,127,128
,,,0.4840046149030159,0.3413971907460184,0.14260001137542705,1257.png,170,77,69
,,,0.4804249381065138,0.34283837930927097,0.1442749843395505,1258.png,169,79,70
,,,0.4848045576854055,0.34159721356408757,0.14260001137542705,1259.png,170,77,69
,,,0.4847045594098139,0.34269720969593576,0.14310000449982269,1260.png,170,78,68
,,,0.40544911949704726,0.3814099694435629,0.19039999698054488,1261.png,151,113,82
,,,0.48480454311627985,0.3433972157361999,0.14350000014382316,1262.png,170,78,68
,,,0.48580455093414165,0.3418972047372227,0.14269999718585147,1263.png,170,77,68
,,,0.47895898012782584,0.34586540485028433,0.14650000475026498,1264.png,169,81,69
,,,0.4845046359731012,0.34269717501638397,0.14350000014382316,1265.png,170,78,68
,,,0.4764209087131256,0.33908984711584605,0.1443999949713729,1266.png,169,79,72
,,,0.4832045657179612,0.3428972005223761,0.14410001108284773,1267.png,170,78,69
,,,0.48220461081190785,0.34369718524350024,0.144800012170785,1268.png,169,79,69
,,,0.47299860916589526,0.3386872472899733,0.14549998713392306,1269.png,169,80,73
,,,0.32019966712703396,0.33279986738119766,0.21120000314543277,1270.png,130,126,124
,,,0.4724029617243639,0.3333144268326614,0.14342500094661484,1271.png,169,78,75
,,,0.4854045691349537,0.34049721863816496,0.14260001137542705,1272.png,170,77,69
,,,0.4822046202241022,0.3422971797923183,0.1443999949713729,1273.png,170,78,69
,,,0.4837045664897269,0.34209719801770644,0.1439000160891666,1274.png,170,78,69
,,,0.4834045476394783,0.34229720616001835,0.14410001108284773,1275.png,170,78,69
,,,0.3139997125662499,0.32409986425686094,0.21010000658500713,1276.png,129,125,128
,,,0.31099975837631005,0.32809992103718444,0.21480003071628556,1277.png,127,128,128
,,,0.4832045578719982,0.3409971946298101,0.14370000756140877,1278.png,170,78,69
,,,0.485147930259373,0.3415084371612507,0.14342500094661484,1279.png,170,77,69
,,,0.2896943758566555,0.2604122162536207,0.18319999047274946,1280.png,129,111,151
,,,0.2897101068303774,0.2604319785378077,0.18323999419928613,1281.png,129,111,151
,,,0.4866209126229657,0.33678979136492226,0.14110000610369153,1282.png,171,75,70
,,,0.48500460560233183,0.3433971950630679,0.1443999949713729,1283.png,170,78,68
,,,0.3165996834318642,0.3345998058161822,0.2156000326447992,1284.png,128,128,125
,,,0.47662086053090513,0.33688983011885787,0.14429997784559867,1285.png,170,78,73
,,,0.4880478947312228,0.3396084672518752,0.14207500176450819,1286.png,171,76,68
,,,0.4845045881665056,0.3432972041588964,0.14470000998463703,1287.png,170,78,68
,,,0.48130460549197546,0.34279715967156865,0.14549998713392306,1288.png,170,79,70
,,,0.4849045796725415,0.34199719840440784,0.14410001108284773,1289.png,170,78,69
,,,0.4849046269457833,0.3408971913858118,0.14379998864296686,1290.png,171,77,69
,,,0.48370459801586074,0.343297163400631,0.14520001011853506,1291.png,170,78,69
,,,0.314874377780554,0.32902579329733284,0.21390001384277363,1292.png,129,127,127
,,,0.4744208946907792,0.3331898225279355,0.14379998864296686,1293.png,170,77,75
,,,0.48450455827809497,0.34309720184736725,0.14520001011853506,1294.png,171,78,69
,,,0.4867045792377602,0.3433972100016675,0.14470000998463703,1295.png,171,78,68
,,,0.3181321586431423,0.33690116867580894,0.21720001925289392,1296.png,129,129,124
,,,0.3483805477446149,0.4807156617182648,0.2831000143399178,1297.png,117,157,69
,,,0.48520458355848123,0.34299720760895097,0.14510000950344146,1298.png,171,78,68
,,,0.48570454717025624,0.34219722250636775,0.14470000998463703,1299.png,171,78,69
,,,0.3175013351268604,0.328899513643169,0.21280000106006483,1300.png,130,126,126
,,,0.4998209154593786,0.3410898096634104,0.14019999802887625,1301.png,173,73,64
,,,0.48662090216134046,0.3409898131174408,0.1440000046492628,1302.png,171,77,69
,,,0.4830045999748289,0.3425972096655714,0.145799997321412,1303.png,171,79,69
,,,0.48202091792474216,0.33668981073404647,0.14359999482218166,1304.png,171,77,71
,,,0.48510457247321737,0.3420972131412297,0.14500000484727554,1305.png,171,78,69
,,,0.48490460648961903,0.343897174786504,0.14589998955063374,1306.png,171,79,68
,,,0.4849045777145407,0.3429972279642216,0.14560000678956317,1307.png,171,78,69
,,,0.3136013303927235,0.3258994837459708,0.214100003524411,1308.png,129,127,129
,,,0.31160131745055436,0.3255995041385989,0.21530000511234196,1309.png,128,128,129
,,,0.31940133506797735,0.33789948720660645,0.21800000753394969,1310.png,130,129,124
,,,0.3516805718045869,0.481415665265379,0.282100001065766,1311.png,119,156,68
,,,0.4835046517124937,0.34249717457995726,0.14599999880399858,1312.png,171,79,69
,,,0.4844045746062052,0.3425972441561067,0.145799997321412,1313.png,171,78,69
,,,0.4857045655234557,0.3427972128728679,0.14560000678956317,1314.png,171,78,69
,,,0.4065761411516562,0.373104939175341,0.1895000070157864,1315.png,154,111,85
,,,0.485282964545243,0.3428114099584736,0.14587499795868672,1316.png,171,78,69
,,,0.3852744450138552,0.3041941100479468,0.16319998105140976,1317.png,157,94,109
,,,0.3852750441874981,0.30419422528622175,0.16319998105140976,1318.png,157,94,109
,,,0.4849046460870943,0.3421971875007954,0.14599999880399858,1319.png,171,78,69
,,,0.4844046029971396,0.3431971864326732,0.14660001474234746,1320.png,171,79,69
,,,0.4851999033342794,0.3462284220177013,0.14767500682920828,1321.png,171,80,68
,,,0.48905190697334344,0.3432684363949993,0.14539998468991885,1322.png,172,77,67
,,,0.48450456306731315,0.34269721220190996,0.14660001474234746,1323.png,171,79,69
,,,0.48400454781303703,0.34179723491853264,0.14650000475026498,1324.png,171,78,70
,,,0.47951095472152777,0.3348143910292222,0.14502500348683928,1325.png,172,77,73
,,,0.4873208601289088,0.33698983352879286,0.14370000756140877,1326.png,172,75,70
,,,0.2811953441805772,0.38961752798891747,0.28819999273950153,1327.png,93,160,126
,,,0.4855477729957089,0.3435897494178317,0.14739998732189186,1328.png,172,79,69
,,,0.46296995469756586,0.3427414258562118,0.15422499283175276,1329.png,169,85,76
,,,0.4896208752132033,0.33778983603765445,0.14379998864296686,1330.png,173,75,69
,,,0.35608056070188665,0.47941563847930824,0.2807000068268108,1331.png,122,155,67
,,,0.4919208350327304,0.33828983167651555,0.14340000229894365,1332.png,173,75,68
,,,0.4822629644706565,0.33834039904461305,0.14639998278201727,1333.png,172,78,71
,,,0.34368049623261937,0.4701156726219548,0.2855999947323489,1334.png,118,157,76
,,,0.27832577393625174,0.38882964314939905,0.2917000017262593,1335.png,91,161,128
,,,0.48692082158275374,0.334389852797579,0.14340000229894365,1336.png,173,75,71
,,,0.35684999726857003,0.48650493916168674,0.28480001495564045,1337.png,122,157,63
,,,0.4809509626371808,0.33966340933758626,0.14755001205210372,1338.png,172,79,72
,,,0.48652086789309423,0.3340898221097399,0.14350000014382316,1339.png,173,75,71
,,,0.4963208799206254,0.34298983436887354,0.1444999942083001,1340.png,174,75,66
,,,0.27574838913685584,0.3812475155129395,0.28910000660856366,1341.png,91,160,131
,,,0.48986989073867554,0.346117400621962,0.14777499418571186,1342.png,173,79,67
,,,0.48222087413118003,0.33358982681659805,0.14469998147211705,1343.png,173,76,73
,,,0.4797618892199863,0.3423344453807097,0.149274999567737,1344.png,171,80,71
,,,0.3581805736357015,0.4801156134042331,0.28080000375889197,1345.png,124,155,66
,,,0.48493289583345267,0.34166241484172677,0.14767500682920828,1346.png,172,78,70
,,,0.48480455328880273,0.343097235170922,0.14839999005020924,1347.png,172,79,69
,,,0.48609179541691305,0.3347237663735829,0.1443999949713729,1348.png,173,75,72
,,,0.48582083228947615,0.3366898335250799,0.14539998468991885,1349.png,173,76,71
,,,0.41116579624563054,0.37335967627741734,0.19060002216241725,1350.png,156,111,84
,,,0.3575805744483973,0.47741562975919505,0.2803000128124362,1351.png,124,155,67
,,,0.4961209109718915,0.3416898263842516,0.14459999685284453,1352.png,174,75,66
,,,0.3971083213461866,0.5126997650117638,0.2711999984520342,1353.png,134,150,20
,,,0.3503805119176453,0.47061569975072914,0.2826000135196142,1354.png,122,156,74
,,,0.3936083794796663,0.5074997321067578,0.2712999916080575,1355.png,134,150,29
,,,0.48701190535857447,0.3372284099268562,0.14572498658715902,1356.png,173,76,71
,,,0.30114235077229284,0.2653882260701109,0.18555998983017635,1357.png,136,110,148
,,,0.3923083595164409,0.5058997133752243,0.27159997754012105,1358.png,134,151,32
,,,0.5013209136750375,0.3429898168544858,0.14419998557925834,1359.png,175,74,64
,,,0.4943208200315736,0.3385898435519601,0.1444999942083001,1360.png,174,75,68
,,,0.48679394980913915,0.3398504245812306,0.14732500589303224,1361.png,173,77,70
,,,0.398708339234225,0.5132997545784942,0.27180000053438835,1362.png,135,150,17
,,,0.40220839612426185,0.5154997326890974,0.2706000036319357,1363.png,136,150,7
,,,0.4835239428422936,0.34256340167205596,0.14969999180108925,1364.png,173,79,70
,,,0.4909409733282349,0.3419283999079953,0.14719999241991064,1365.png,174,77,68
,,,0.49692092976516195,0.33958983683507005,0.14459999685284453,1366.png,175,74,67
,,,0.35488055823278075,0.4708156655562649,0.2808999800666749,1367.png,124,155,72
,,,0.4936208708144311,0.33428981092640153,0.14340000229894365,1368.png,175,73,70
,,,0.4068083509489688,0.5158997866817628,0.2698999894110173,1369.png,138,149,0
,,,0.3934083728203617,0.5049997553784654,0.27320000459705424,1370.png,135,151,32
,,,0.35478054967859857,0.468615665535561,0.2812000180657197,1371.png,125,155,73
,,,0.5060208300964355,0.3436898486860426,0.14469998147211705,1372.png,176,74,63
,,,0.49932085017412703,0.3359898456860289,0.14350000014382316,1373.png,176,72,67
,,,0.28581039219226023,0.38804751797094084,0.2896000016357081,1374.png,99,159,126
,,,0.3921083431770686,0.5037997488752721,0.2741999950356187,1375.png,135,151,34
,,,0.35328058991503264,0.46691564700384275,0.28250001279332765,1376.png,125,155,74
,,,0.5087951365564651,0.3292001072258012,0.13829998547894246,1377.png,178,66,67
,,,0.3418609889393474,0.4708989596627025,0.29450000370649965,1378.png,118,160,78
,,,0.3418611019350543,0.47089870218155194,0.29450000370649965,1379.png,118,160,78
,,,0.49271197309257025,0.3422823890345039,0.14852499287212473,1380.png,175,77,68
,,,0.4059083497177421,0.5147997843749844,0.2711999984520342,1381.png,138,150,2
,,,0.4911596212388063,0.3398392474742858,0.14799998781981893,1382.png,175,77,69
,,,0.4911594790524258,0.3398388543431091,0.14799998781981893,1383.png,175,77,69
,,,0.5060208295016032,0.34238982585559624,0.14489998907369087,1384.png,177,73,63
,,,0.5047208602404875,0.3409898134795828,0.14479999077654335,1385.png,177,73,64
,,,0.3529805378615341,0.4625156983868651,0.2808999800666749,1386.png,126,154,76
,,,0.3091328193894961,0.27038317090939934,0.1877000234753034,1387.png,140,110,145
,,,0.4075083684471947,0.5144997286388769,0.2710999757036016,1388.png,139,149,0
,,,0.3938083528511362,0.5015997578079565,0.2737000006130551,1389.png,136,151,35
,,,0.351180611353723,0.4638156331774304,0.2839000039915042,1390.png,125,155,77
,,,0.3939560720998972,0.2990842103820061,0.1632999966747859,1391.png,162,91,110
,,,0.3939564270398532,0.2990841238311092,0.1632999966747859,1392.png,162,91,110
,,,0.40020840447925204,0.5063997287233376,0.27219999349936175,1393.png,138,150,25
,,,0.3497480416230459,0.4635139212479106,0.2852000083428321,1394.png,124,156,78
,,,0.3497481034542311,0.4635137342011931,0.2852000083428321,1395.png,124,156,78
,,,0.506420834813979,0.34098984474068017,0.14500000484727554,1396.png,178,73,64
,,,0.5044208510510403,0.33768982293567346,0.14419998557925834,1397.png,178,72,66
,,,0.48682092284773787,0.33718982704519407,0.14919999466685044,1398.png,175,77,71
,,,0.4957208747627916,0.3410898092630594,0.14829999628056142,1399.png,176,76,67
,,,0.2881037735763773,0.39046762055936585,0.29409999450627317,1400.png,101,160,126
,,,0.2390694613069446,0.3456002035225634,0.31439998785885437,1401.png,51,169,159
,,,0.3978063647284678,0.5067643699274053,0.27719997789032813,1402.png,138,151,27
,,,0.39780621028685614,0.5067641731846858,0.27719997789032813,1403.png,138,151,27
,,,0.3916083486390545,0.4967997473122488,0.2761999744380536,1404.png,137,151,40
,,,0.48582088550898184,0.3422897931837666,0.15339998677316757,1405.png,175,80,71
,,,0.23776946581566522,0.343100184623884,0.31430000725988605,1406.png,49,169,160
,,,0.2358694993164608,0.3423001813353161,0.3160999873575796,1407.png,45,169,162
,,,0.4131917736625277,0.36694467271887216,0.19359999114348533,1408.png,160,110,87
,,,0.4810529550097793,0.34348240310577843,0.15567499713639255,1409.png,175,82,72
,,,0.39740839812133,0.49789972848541736,0.27340001702022415,1410.png,139,150,35
,,,0.4860208641850409,0.34098983882931877,0.15360000914113622,1411.png,176,79,71
,,,0.32188481628424,0.2769701712726551,0.18870002311733783,1412.png,145,109,140
,,,0.49322084807248356,0.3408898656397382,0.15170001331217273,1413.png,177,77,69
,,,0.3979333032531249,0.5059825818387367,0.27910001368783327,1414.png,138,152,28
,,,0.24308465315333952,0.35052045383776054,0.31680001048206646,1415.png,58,169,157
,,,0.24308526589970436,0.3505198068510219,0.31680001048206646,1416.png,58,169,157
,,,0.4807259121697959,0.3399314449934669,0.15542500328269349,1417.png,176,81,73
,,,0.48942089173435666,0.34078982165361943,0.15320000484745705,1418.png,177,79,70
,,,0.23576946374724167,0.34000019656611147,0.3175000191830678,1419.png,47,169,163
,,,0.4895419205028502,0.34579739430431816,0.15582499023790627,1420.png,177,81,69
,,,0.48592085243331057,0.33828985126165095,0.15380000486360362,1421.png,177,79,72
,,,0.32892193019538324,0.28148696815093105,0.18930000199729569,1422.png,148,109,137
,,,0.4773249726593205,0.33599339365419384,0.1557749993077793,1423.png,176,81,76
,,,0.4058952863918452,0.3502379919200955,0.1913000070742161,1424.png,161,108,95
,,,0.38420234849205026,0.4865754468724888,0.2808999800666749,1425.png,137,152,52
,,,0.4076793069800633,0.35862600974843617,0.19519998762297414,1426.png,161,110,92
,,,0.4861209286206261,0.33638982738869255,0.15389998980816164,1427.png,178,78,73
,,,0.4869208514820755,0.33998981754202046,0.1561000040804526,1428.png,178,80,72
,,,0.23956947038087759,0.33610017943141024,0.314200012001134,1429.png,60,167,163
,,,0.5018208445566693,0.34068985358362147,0.1524999974263631,1430.png,180,75,67
,,,0.24286946082184388,0.3414001717746202,0.3160000066087682,1431.png,64,168,161
,,,0.31786117369484423,0.2697517176506848,0.19119999399113569,1432.png,147,109,145
,,,0.24886947138019921,0.3457001678134526,0.31369999563155493,1433.png,73,167,157
,,,0.2409694869979261,0.33540015632089853,0.31449998965850195,1434.png,64,167,163
,,,0.24969726637153988,0.34691179936569794,0.31510002665198683,1435.png,74,167,157
,,,0.24969766122204695,0.3469114526776802,0.31510002665198683,1436.png,74,167,157
,,,0.48682084606995496,0.3344898289992022,0.1561000040804526,1437.png,180,78,74
,,,0.5079951504195178,0.32870009192066174,0.14780000711181443,1438.png,183,69,69
,,,0.34615382467278294,0.28603874220431214,0.1888999970409089,1439.png,155,106,132
,,,0.3743058305843384,0.3243984264935162,0.198200006277673,1440.png,159,111,114
,,,0.2738363898728458,0.42026524351446043,0.35130001452118204,1441.png,77,178,127
,,,0.2441694726035111,0.33610020535974944,0.3155000115739335,1442.png,70,167,163
,,,0.2507694899994485,0.3438001770216913,0.31430000725988605,1443.png,77,166,158
,,,0.3434039643292982,0.29195298736773695,0.19520001373082146,1444.png,154,109,132
,,,0.41004636444837245,0.5021374131728172,0.28190000345497684,1445.png,146,151,21
,,,0.41004623099051646,0.5021371917897124,0.28190000345497684,1446.png,146,151,21
,,,0.3321801909150949,0.2759516964781957,0.1914000206706318,1447.png,153,107,140
,,,0.4853209098744323,0.3405897811081,0.16189999637705918,1448.png,180,82,73
,,,0.24797379482193577,0.3337928518823569,0.3111999953995183,1449.png,78,165,162
,,,0.2438737980818535,0.3332928506248215,0.3160999873575796,1450.png,71,167,164
,,,0.24367381713900818,0.3314928432580499,0.316200025203311,1451.png,72,167,165
,,,0.24957378457471896,0.3334928613118956,0.3105999870916222,1452.png,81,164,162
,,,0.40994008635951507,0.5014099143807087,0.2845000277470256,1453.png,147,151,22
,,,0.36120990697653677,0.2948017369487229,0.18999999901055653,1454.png,160,105,126
,,,0.3728596694449085,0.3051688124737442,0.1906999887301315,1455.png,162,105,120
,,,0.47556589719414183,0.3400324412005749,0.1666500065342247,1456.png,180,85,77
,,,0.3812086736926572,0.31323481711153034,0.19170001265185868,1457.png,163,105,115
,,,0.48662090088902843,0.340689825568219,0.16339999904410576,1458.png,181,82,73
,,,0.3604628768192339,0.29343676276348785,0.18999999901055653,1459.png,160,104,127
,,,0.24567378618980473,0.3348928423710131,0.31879998686022937,1460.png,74,167,164
,,,0.2476737828022546,0.3337928547419703,0.3156000187069723,1461.png,78,166,163
,,,0.49512087191355164,0.3408898345215178,0.16150000628816014,1462.png,183,79,71
,,,0.397530523797607,0.32724817333217004,0.1930999903938203,1463.png,166,105,106
,,,0.24907379112344735,0.3307928646599588,0.31249997759506726,1464.png,82,165,164
,,,0.4866209145999644,0.34098983035676483,0.16499999993606018,1465.png,182,82,74
,,,0.4891208423810138,0.3410898191112447,0.1645999901349469,1466.png,183,82,73
,,,0.48632087274825647,0.34108983773018975,0.16560000450444606,1467.png,182,82,74
,,,0.25247380759673543,0.3331928615121444,0.3120999863527645,1468.png,86,164,162
,,,0.24677376788609787,0.32679286621673254,0.3134999944936722,1469.png,81,165,166
,,,0.4054050658749156,0.33989024814860314,0.19869999745894007,1470.png,167,108,101
,,,0.47083892364888885,0.34258243311862485,0.17254999429735396,1471.png,180,88,79
,,,0.4864208682666405,0.3374898439470758,0.16499999993606018,1472.png,183,81,75
,,,0.31591277380960103,0.33089340174956616,0.24940000280294308,1473.png,138,136,135
,,,0.36718029765477017,0.30739600743143325,0.19950002346808354,1474.png,162,109,122
,,,0.31521276077185034,0.3311933698516891,0.2505000164510995,1475.png,138,137,136
,,,0.37642022961058713,0.3166039940835923,0.20060002646582725,1476.png,163,109,117
,,,0.4051299184278293,0.49855582903686274,0.29350000906639795,1477.png,147,154,30
,,,0.24587383561083806,0.32719284766308726,0.31739998409615156,1478.png,79,166,167
,,,0.411199956262278,0.4484031192629236,0.260099983354323,1479.png,156,139,61
,,,0.37500956122338797,0.30557919967522584,0.19440001589481276,1480.png,164,105,120
,,,0.3982640691081986,0.329494248952661,0.19739998102535405,1481.png,167,107,106
,,,0.2630016441427793,0.3545904474895989,0.3224999846231537,1482.png,92,167,152
,,,0.2671489019149157,0.31636954612275636,0.28410000748860004,1483.png,109,152,160
,,,0.2671494902463079,0.3163698286919328,0.28410000748860004,1484.png,109,152,160
,,,0.2496737680061781,0.32729284139496795,0.31510002665198683,1485.png,85,165,166
,,,0.3887005477899484,0.3163841693671275,0.19600001300807063,1486.png,167,105,113
,,,0.3747058037209408,0.3244983794027987,0.20959999661927634,1487.png,163,113,116
,,,0.23701611902777772,0.30850912871104663,0.3158000364026536,1488.png,74,165,177
,,,0.5380785230001127,0.40064219961978986,0.18175000548113654,1489.png,187,91,18
,,,0.5372120711723956,0.4008778465811228,0.18259999210951694,1490.png,187,92,18
,,,0.23701613504192579,0.30550913001345076,0.3160999873575796,1491.png,76,165,179
,,,0.31531275694425265,0.3307933967590663,0.2573000158294525,1492.png,140,139,138
,,,0.276598604993573,0.36719784243538683,0.3256999815362985,1493.png,103,167,145
,,,0.31661274553659857,0.3316933820353293,0.2579000076735445,1494.png,141,139,137
,,,0.24341613093113704,0.3123091576168663,0.31629998810565246,1495.png,84,164,174
,,,0.41645593817080173,0.49215982856823093,0.2918999984622879,1496.png,154,151,28
,,,0.3154127508857806,0.33149336798487444,0.2602999925144809,1497.png,140,139,138
,,,0.2811985978634552,0.3690978445789413,0.32520000331078236,1498.png,108,166,143
,,,0.24481614824830022,0.31210915418317436,0.316200025203311,1499.png,86,164,174
,,,0.23631610496753963,0.3050091399127555,0.32049998982545896,1500.png,76,166,180
,,,0.3149127387418817,0.3326933752077856,0.26249998336146474,1501.png,140,140,138
,,,0.34292271039069655,0.3917238487802207,0.2839000039915042,1502.png,143,149,111
,,,0.23661613243609006,0.3029091560194816,0.3184000147751829,1503.png,78,165,181
,,,0.27231946013722025,0.3122538454216558,0.2854000164815337,1504.png,117,151,161
,,,0.2723198884885702,0.312253553816251,0.2853999716387502,1505.png,117,151,161
,,,0.237316132948294,0.30290913187226093,0.31779998558671685,1506.png,79,165,180
,,,0.2369161529188163,0.3046091176861685,0.32019998486006496,1507.png,77,166,180
,,,0.24091614136337053,0.3072091458442588,0.31790000832619614,1508.png,83,165,178
,,,0.3174127993821567,0.3310933932753279,0.260099983354323,1509.png,142,139,138
,,,0.2859986384031341,0.37019782483360314,0.3240000087631171,1510.png,112,165,141
,,,0.23811610926472798,0.30250913946984015,0.3184999945069119,1511.png,81,165,181
,,,0.33612272325783316,0.3841238546584944,0.28689998207086714,1512.png,141,150,117
,,,0.2392161255556075,0.30270911775675136,0.3180000159038172,1513.png,83,164,180
,,,0.2409161481378708,0.30420915220094885,0.318199997545303,1514.png,85,164,179
,,,0.3442227104328032,0.3892238725712112,0.28500000406791753,1515.png,145,149,112
,,,0.2786558942263414,0.32143252428976987,0.2908000116903075,1516.png,121,152,157
,,,0.24451615150928627,0.3085091459329864,0.318199997545303,1517.png,88,164,176
,,,0.2826986148388204,0.36969783388192257,0.329899968037522,1518.png,110,167,143
,,,0.2415161475535729,0.30390911473224824,0.31779998558671685,1519.png,86,164,179
,,,0.279198575888533,0.36849784073635516,0.3334000315707999,1520.png,107,168,145
,,,0.3150127734631043,0.33229338671388037,0.26650002076718754,1521.png,141,141,139
,,,0.34042267401378606,0.38632386850381895,0.28699998317093395,1522.png,144,149,115
,,,0.2832986103779,0.36909785560912095,0.3295000407641494,1523.png,111,167,143
,,,0.31601278395299215,0.3308934129182318,0.26579999926517,1524.png,143,141,139
,,,0.5397364656083502,0.39099025037312357,0.18400000893072654,1525.png,191,89,27
,,,0.3393226978526352,0.38112387262785347,0.2856999964420324,1526.png,144,148,117
,,,0.5393901078034714,0.39114781591263986,0.18469999624955044,1527.png,192,89,27
,,,0.27999859069160554,0.36219783684320095,0.3297000133454236,1528.png,110,167,147
,,,0.24271610070762215,0.30420913781681885,0.3196999936855872,1529.png,88,164,179
,,,0.3183128015742373,0.33139335084191907,0.26570000475763483,1530.png,144,140,139
,,,0.3440226647058212,0.38632387964424186,0.28710001876088465,1531.png,146,149,114
,,,0.41059996749572586,0.4480030745894312,0.27920000591456634,1532.png,161,144,63
,,,0.31611277725950093,0.3336934017764245,0.2703000194151386,1533.png,143,142,139
,,,0.34132268420160033,0.3824239054373493,0.28689998207086714,1534.png,146,149,116
,,,0.2847985953641925,0.36329783654650016,0.32670000271899396,1535.png,115,165,145
,,,0.31591275132016666,0.33279338715646695,0.269800005822906,1536.png,143,142,140
,,,0.2462161309758176,0.30900912895460464,0.32160000875324907,1537.png,91,165,177
,,,0.2849985849754053,0.36429784731004244,0.3280999742394491,1538.png,115,166,145
,,,0.38558592173024575,0.4547117745950504,0.3027000062753583,1539.png,152,154,72
,,,0.39518112811966605,0.4594843287596931,0.29939998638074916,1540.png,155,152,65
,,,0.37898591356361716,0.4459117898965201,0.3030999788595757,1541.png,151,154,79
,,,0.3803858918741488,0.44881181015570276,0.30420000613882187,1542.png,151,155,77
,,,0.34242269381613766,0.3821238813220207,0.28810001766092763,1543.png,147,149,116
,,,0.38803727958443973,0.4489029143270658,0.29870000474741765,1544.png,154,152,74
,,,0.38354110289280713,0.4505342541670644,0.30329999213765496,1545.png,152,154,75
,,,0.38308589831361856,0.4511118054691874,0.30420000613882187,1546.png,152,154,75
,,,0.2855986017372215,0.36719783637852377,0.3326000672156429,1547.png,115,167,144
,,,0.38509554311798033,0.4524761517666414,0.30420000613882187,1548.png,153,154,74
,,,0.26165959349689183,0.31142739864022567,0.30849998058957795,1549.png,110,159,169
,,,0.2616599558680515,0.3114275736997609,0.30849998058957795,1550.png,110,159,169
,,,0.3157127574775392,0.33159336418111696,0.27230003672302716,1551.png,144,142,141
,,,0.33829092058451554,0.38486625794693663,0.29499999212597366,1552.png,144,151,117
,,,0.3382914353060508,0.38486620318413634,0.29499999212597366,1553.png,144,151,117
,,,0.28419860117723456,0.361197887883527,0.32980002379700635,1554.png,115,166,146
,,,0.3877185486516396,0.44882711555260085,0.30040001311480574,1555.png,154,153,74
,,,0.3877188258195121,0.44882726635116466,0.30040001311480574,1556.png,154,153,74
,,,0.39474490435520176,0.4592952467410113,0.30239997239900146,1557.png,155,153,66
,,,0.3423684210261672,0.39210524594863294,0.2979999726887175,1558.png,145,152,114
,,,0.34236850243191025,0.3921052305735039,0.2979999726887175,1559.png,145,152,114
,,,0.5177685118879345,0.35616439955906626,0.17939999055807765,1560.png,194,83,60
,,,0.3398909949764069,0.319828134177067,0.24550000987292062,1561.png,157,129,135
,,,0.5415278860491024,0.4021583505324722,0.19380000768018776,1562.png,193,94,12
,,,0.3960858792868499,0.45581177871074846,0.30040001311480574,1563.png,157,152,67
,,,0.3869859200161852,0.44921177332688483,0.3032000211917535,1564.png,154,153,75
,,,0.31691275566243593,0.3312934179419296,0.2735000162417029,1565.png,145,142,141
,,,0.5335888482683652,0.396140367656716,0.19425001501213435,1566.png,193,94,28
,,,0.3408436659865323,0.3214382826553362,0.24680002449674684,1567.png,157,129,134
,,,0.27780728172269775,0.3546813795451963,0.3345000317104498,1568.png,112,167,152
,,,0.2778075255037124,0.35468101121018825,0.3345000317104498,1569.png,112,167,152
,,,0.28442856628882546,0.36456300269910685,0.33619996567259464,1570.png,115,168,146
,,,0.3881262555239617,0.4482349313255473,0.3034999999493592,1571.png,155,153,75
,,,0.3903859080340393,0.44641182967858123,0.30079998932834245,1572.png,157,152,75
,,,0.3156128064884685,0.33149335406918595,0.27640002163017624,1573.png,145,143,142
,,,0.395885898244065,0.4540118186287866,0.3021000087664856,1574.png,157,152,68
,,,0.3799858916520668,0.4398117928162917,0.30500000271538624,1575.png,154,154,82
,,,0.5544038951247845,0.4017453402917334,0.19105000542018435,1576.png,196,91,0
,,,0.27143594808779276,0.32002059228129565,0.31089998376554917,1577.png,117,158,164
,,,0.3861110827601375,0.442105371909002,0.30239997239900146,1578.png,156,152,79
,,,0.3861111190699484,0.44210528757244305,0.30239997239900146,1579.png,156,152,79
,,,0.38468590603549296,0.44151179435093085,0.30329999213765496,1580.png,156,153,79
,,,0.3161127728868306,0.33369337897648554,0.27920000591456634,1581.png,145,144,141
,,,0.3849858782793736,0.44061184647677293,0.30279999556755366,1582.png,156,153,80
,,,0.38338587907090066,0.4398118099580834,0.3049000100067115,1583.png,156,153,81
,,,0.49738195639955723,0.34498902515186836,0.18449999745582696,1584.png,193,85,73
,,,0.3836859204985956,0.4389117641390155,0.30439999977987037,1585.png,156,153,81
,,,0.390485907503985,0.4456117850853974,0.30399999488171414,1586.png,158,153,75
,,,0.3443195263454275,0.3810262239741457,0.29479997931021695,1587.png,150,150,117
,,,0.3443199428225912,0.38102626948864204,0.29479997931021695,1588.png,150,150,117
,,,0.2743825918210149,0.3152263824997424,0.3063999989522601,1589.png,122,156,165
,,,0.274382970214871,0.3152265603139686,0.3063999989522601,1590.png,122,156,165
,,,0.5289428748062892,0.39731241468279477,0.20079999281930286,1591.png,194,97,30
,,,0.5898313784581476,0.34973182226761407,0.15855000234908592,1592.png,205,56,28
,,,0.5176815265169064,0.3458933537362338,0.17899999000567485,1593.png,197,79,65
,,,0.4146038548173949,0.39665812163177283,0.2564000100157783,1594.png,172,131,85
,,,0.38030591964267174,0.3244992789934427,0.22930001753975204,1595.png,172,117,120
,,,0.31771274989691367,0.3307934097605809,0.27980001830635637,1596.png,147,144,142
,,,0.5897323802622054,0.3402807888390383,0.15509999574485162,1597.png,206,50,35
,,,0.34447859725557345,0.32244427691923006,0.2517000053479965,1598.png,161,130,134
,,,0.550122759125883,0.3940261881103146,0.19260000600278504,1599.png,198,90,14
,,,0.3534972407005347,0.3445739490963722,0.26260002185714465,1600.png,161,135,125
,,,0.21770002212137535,0.2734992949470198,0.33979999223851515,1601.png,56,170,206
,,,0.5516548961793066,0.39384738569056377,0.19324999520431907,1602.png,198,90,13
,,,0.31851277069836764,0.3315934033400151,0.2818000012001514,1603.png,148,144,142
,,,0.315212760613823,0.33449340955999507,0.2873999834220751,1604.png,146,146,143
,,,0.34384061355567064,0.3189012912506949,0.2518999970925645,1605.png,162,129,136
,,,0.3438410025588761,0.31890112957641464,0.2518999970925645,1606.png,162,129,136
,,,0.2858792338869916,0.35143136466530045,0.33399997440002016,1607.png,122,165,151
,,,0.285879515861483,0.351431010878063,0.33399997440002016,1608.png,122,165,151
,,,0.5471558482400797,0.39546540384346196,0.19675002243223444,1609.png,198,92,16
,,,0.31581279225446324,0.332893417917672,0.2875999819922243,1610.png,147,146,144
,,,0.5391499185423774,0.4011533476989187,0.203750004744546,1611.png,197,96,17
,,,0.5437808501571141,0.39883339996750894,0.20124999434864901,1612.png,198,94,15
,,,0.5203798248345074,0.37901040353884774,0.2002000141866477,1613.png,197,94,49
,,,0.5515649775109082,0.3914526839082306,0.1951000116455436,1614.png,200,89,17
,,,0.4640424416485846,0.481385342175727,0.2852000083428321,1615.png,176,142,0
,,,0.273101544959813,0.3259107298986464,0.3291000670032094,1616.png,119,163,165
,,,0.2743015595657653,0.32691074073728826,0.3292999640683141,1617.png,120,163,164
,,,0.5476328031431639,0.38601717897410465,0.19489999693185694,1618.png,200,89,27
,,,0.2763015533164338,0.3278107372662367,0.3288000281463503,1619.png,122,163,163
,,,0.5411948266210205,0.38461540326069255,0.19699999769747195,1620.png,200,90,33
,,,0.5471588894448993,0.3859506975562449,0.19559998906750825,1621.png,201,89,28
,,,0.5455975138980156,0.3863993629581411,0.19659998667582357,1622.png,200,90,28
,,,0.26740153892526985,0.3204107340323415,0.33270000512064096,1623.png,116,164,170
,,,0.40959906465180174,0.5014719415281949,0.340600015147886,1624.png,159,164,25
,,,0.27730156306805204,0.328010746223835,0.3292999640683141,1625.png,123,163,163
,,,0.3155128166511221,0.3337934013040778,0.29460001112059864,1626.png,148,148,145
,,,0.4521840354487073,0.47637565695507256,0.2933999767040749,1627.png,175,145,7
,,,0.2775015749300272,0.3271107475843839,0.3287000228869345,1628.png,124,162,163
,,,0.28080157955435003,0.3266107122127995,0.32469998723018784,1629.png,127,161,162
,,,0.4653424603570752,0.4773853145673665,0.2864000103643489,1630.png,178,141,0
,,,0.4948657777774168,0.4398013810955706,0.24840000101432283,1631.png,188,123,13
,,,0.5659608765459834,0.38718141798219285,0.1914000206706318,1632.png,204,84,3
,,,0.27390156810765565,0.3237107611517424,0.33079997913938,1633.png,122,163,166
,,,0.3201127577001148,0.3360934227605415,0.293899988621266,1634.png,150,147,143
,,,0.31761279414109905,0.33139338907854826,0.2920999955088001,1635.png,150,146,145
,,,0.46464242167692366,0.47688533785724596,0.2875000105427866,1636.png,179,142,0
,,,0.464642413606855,0.476585368646108,0.2873999834220751,1637.png,179,142,0
,,,0.31593192984824453,0.33487429720151757,0.29700000976471563,1638.png,148,149,145
,,,0.45844242874307667,0.47578531385901685,0.2908000116903075,1639.png,177,143,0
,,,0.5689888911253306,0.3906143517284044,0.19249999726754807,1640.png,204,85,0
,,,0.38010590857037946,0.3247992793802456,0.23990001444242365,1641.png,176,120,123
,,,0.3197127430670196,0.3372934056382702,0.29620000404740954,1642.png,150,148,143
,,,0.31241278354982754,0.3278933905326636,0.2947000068139316,1643.png,148,148,148
,,,0.3186127529886633,0.33669339138092697,0.2968999778488574,1644.png,149,148,143
,,,0.31801282008591647,0.3338933878812654,0.29509999806067494,1645.png,150,148,144
,,,0.2692015385917511,0.3190107307784497,0.33310004392439096,1646.png,119,164,170
,,,0.28050156821744365,0.3280107378399504,0.3290000009116348,1647.png,126,162,162
,,,0.3201127669347264,0.33469340762384786,0.2942999995693158,1648.png,151,147,143
,,,0.27550154300077234,0.3228107493631657,0.33030003342041403,1649.png,124,162,166
,,,0.3155127631887797,0.33429341425280623,0.29870000474741765,1650.png,149,149,146
,,,0.31561272047009825,0.3313934152620987,0.29610002547352204,1651.png,149,148,146
,,,0.3103127956697391,0.32669341013807035,0.2971000180865173,1652.png,147,148,150
,,,0.3163127646968143,0.32859342413286685,0.2933000241565606,1653.png,150,147,147
,,,0.3130127468482707,0.32769343051396754,0.29560001100670236,1654.png,149,148,148
,,,0.3152127861480131,0.3280933752288398,0.293899988621266,1655.png,150,147,147
,,,0.46274241194315324,0.4740853459523116,0.2893000237399019,1656.png,179,142,0
,,,0.3108127428786451,0.3258934144301715,0.29610002547352204,1657.png,148,148,150
,,,0.31951277802847977,0.33249339747740475,0.293899988621266,1658.png,151,147,144
,,,0.31901273641631045,0.33279338890383303,0.2948000251323089,1659.png,151,147,145
,,,0.31911280803341974,0.33189338917060573,0.29400000881220506,1660.png,151,147,145
,,,0.3174127829486873,0.3313933778249394,0.2952000151284924,1661.png,150,147,146
,,,0.2774016027057353,0.3244107378755309,0.33079997913938,1662.png,125,162,165
,,,0.3124127336361767,0.32609339911271945,0.2953000089187896,1663.png,149,147,149
,,,0.3166127664538764,0.3298934026264324,0.29509999806067494,1664.png,150,147,147
,,,0.31860086248385694,0.33153429915256116,0.2948000251323089,1665.png,151,147,145
,,,0.27790156312115905,0.3245107735070298,0.3309000263078582,1666.png,126,162,165
,,,0.31129179037571975,0.3273286469479073,0.2979999726887175,1667.png,148,148,150
,,,0.3183127696961811,0.33139336869245045,0.2953000089187896,1668.png,151,147,146
,,,0.4532424036039093,0.47288535528502057,0.29610002547352204,1669.png,177,145,14
,,,0.4546424086748412,0.4707853737672191,0.29400000881220506,1670.png,178,144,16
,,,0.4608424371376004,0.4716853360174753,0.29059999583129364,1671.png,179,142,2
,,,0.31451276450057747,0.3272933813743237,0.2957000147474124,1672.png,150,147,148
,,,0.2769015264299625,0.3233107587974324,0.33179995808475726,1673.png,125,163,166
,,,0.45824244581289886,0.4788853554865493,0.29700000976471563,1674.png,178,145,0
,,,0.5442359115282331,0.3914209188777294,0.20440000698800379,1675.png,202,93,25
,,,0.2784015504143179,0.32461074220786534,0.33140000741491754,1676.png,126,162,165
,,,0.5560328642547576,0.38613637113360644,0.19744998847556364,1677.png,204,87,20
,,,0.3199127622952667,0.3335934155665551,0.29649999429895796,1678.png,152,147,144
,,,0.5207839250525883,0.3448090630046889,0.1882999889850948,1679.png,203,80,66
,,,0.5207837290701559,0.3448086612757638,0.1882999889850948,1680.png,203,80,66
,,,0.2178000187408222,0.2735992928959215,0.3574000077531562,1681.png,57,174,210
,,,0.5509097764120132,0.38850175944165044,0.20070001077027344,1682.png,203,90,22
,,,0.28931585641774854,0.3140180342768803,0.30889999877825897,1683.png,138,153,163
,,,0.46004245686553513,0.47228531070999025,0.29230000415256974,1684.png,179,143,2
,,,0.5461509107750935,0.39084642039589107,0.20410000202306106,1685.png,203,92,24
,,,0.31992379335332116,0.3352756675342779,0.2992000140363471,1686.png,152,148,144
,,,0.5618730626634179,0.3795006068276217,0.192899998269548,1687.png,206,83,22
,,,0.31099463813977846,0.3182966134544407,0.2924000028267243,1688.png,150,146,153
,,,0.31821280428284154,0.3308934096740805,0.2971000180865173,1689.png,152,147,146
,,,0.314112775115533,0.32789337826986953,0.2983999872565409,1690.png,150,148,149
,,,0.3056946701314649,0.3151965852074544,0.2953999908741075,1691.png,148,147,156
,,,0.3177127749456535,0.3298933640563558,0.29750002231991274,1692.png,152,147,147
,,,0.3197128122425089,0.33059337499881086,0.2963999942151152,1693.png,153,147,146
,,,0.4523096107561398,0.4803720623325991,0.30470001989488543,1694.png,177,148,0
,,,0.3116854900141877,0.3191789400264691,0.293899988621266,1695.png,151,146,152
,,,0.3104946800358952,0.31829659893454804,0.2945999767695756,1696.png,150,146,153
,,,0.5558148960250497,0.372732391979023,0.1927500106906984,1697.png,206,82,34
,,,0.3121401795454434,0.31951799326825464,0.29450000370649965,1698.png,151,146,152
,,,0.30569464076368075,0.31599662007380125,0.2974000049077039,1699.png,148,147,156
,,,0.3955471415912093,0.4300438639770819,0.31289998861407836,1700.png,167,152,83
,,,0.3955471325925843,0.43004362767522575,0.31289998861407836,1701.png,167,152,83
,,,0.31591276553722086,0.33319335560800917,0.30370000219083715,1702.png,150,150,147
,,,0.31279464881657754,0.31809663233887503,0.2929000075343278,1703.png,152,145,152
,,,0.28997535057125984,0.3145135934053381,0.3123999953924282,1704.png,139,154,163
,,,0.3122947035945882,0.31769659526437105,0.29319999158584037,1705.png,152,145,153
,,,0.31571279161841603,0.3349933946092344,0.30590000523580824,1706.png,150,151,147
,,,0.5625989097469347,0.3822453857859166,0.19589999955842152,1707.png,206,84,18
,,,0.3072173906437893,0.3252075774331448,0.30549998919148713,1708.png,147,151,153
,,,0.46072799474024345,0.48227969065427284,0.3021000087664856,1709.png,179,146,0
,,,0.3225303635601345,0.2757041408715998,0.24670000167985273,1710.png,165,123,159
,,,0.30721758231540325,0.3252070870699497,0.30549998919148713,1711.png,147,151,153
,,,0.308694637154236,0.3180966023560963,0.29750002231991274,1712.png,150,147,154
,,,0.3184127540278689,0.3309934101001573,0.3001999899123673,1713.png,152,148,147
,,,0.31604857551890336,0.32720710013511095,0.2990999745138529,1714.png,152,148,149
,,,0.388934139617163,0.4224556081809215,0.3137999803205108,1715.png,167,152,89
,,,0.2840752963909223,0.3110135854475576,0.3165999791895435,1716.png,136,156,167
,,,0.5583018720375645,0.3766973809287462,0.19515002146948018,1717.png,206,83,28
,,,0.31082280233037235,0.3251016410023003,0.30279999556755366,1718.png,150,149,152
,,,0.29139004119912815,0.3191510649745282,0.31730000611723885,1719.png,139,156,162
,,,0.3068946772059486,0.31619660819133666,0.29849999770723207,1720.png,149,148,156
,,,0.30951616373836605,0.3161380035192703,0.296000023453477,1721.png,151,146,155
,,,0.3134984448871309,0.33050267613873907,0.30559997222294244,1722.png,150,150,149
,,,0.5513498823462069,0.34575885609217605,0.1817999896212724,1723.png,208,71,53
,,,0.3073946425310436,0.3135965912501885,0.2957999951146076,1724.png,150,146,156
,,,0.28647534729975155,0.30711356023980124,0.3110999700867,1725.png,139,153,167
,,,0.3102561764432159,0.31517097514176917,0.29499999212597366,1726.png,152,146,155
,,,0.44692305219236855,0.4753846158760094,0.3090000011786827,1727.png,177,149,19
,,,0.2871752965373133,0.30801358273009055,0.31159997822477276,1728.png,139,153,167
,,,0.3118946403037586,0.31589661273855807,0.29440000748271256,1729.png,153,145,154
,,,0.3099946581362831,0.31279658070020644,0.29340002238097923,1730.png,152,145,156
,,,0.2869248308244449,0.3108680600746762,0.3155000115739335,1731.png,138,155,166
,,,0.31359846254175333,0.33110263744748225,0.3074999912134104,1732.png,150,151,149
,,,0.2859753477087118,0.3123135747561678,0.31809999624759877,1733.png,137,156,167
,,,0.40884206905428705,0.4370526441321473,0.3114000152881509,1734.png,172,150,74
,,,0.40198513923241125,0.4259718310573407,0.3090000011786827,1735.png,171,149,82
,,,0.2868091432919734,0.3102029892335449,0.3156000187069723,1736.png,138,155,167
,,,0.3031946413949751,0.310396605120019,0.298900008617566,1737.png,149,147,159
,,,0.31079466394300226,0.3134966088228483,0.2945999767695756,1738.png,153,145,155
,,,0.3177127798022654,0.33169336962000967,0.30540002797001853,1739.png,153,150,148
,,,0.2853800611935367,0.31296306190942813,0.3210999918326884,1740.png,137,157,167
,,,0.28538011776659933,0.31296295726800033,0.3210999918326884,1741.png,137,157,167
,,,0.3117946703428145,0.31519659445976267,0.296000023453477,1742.png,153,146,155
,,,0.3141984657440355,0.33140268632095365,0.30930000776367045,1743.png,151,151,150
,,,0.30825011361178073,0.32044141330143316,0.3049000100067115,1744.png,150,149,155
,,,0.31459843448458846,0.33130267945707914,0.3090999778675996,1745.png,151,151,149
,,,0.31299843052984133,0.3309026916170466,0.3105000073850435,1746.png,151,151,150
,,,0.3085085282438022,0.31491595924184157,0.2998000129805276,1747.png,152,147,156
,,,0.31439840846843353,0.33160270208407444,0.3099999923659603,1748.png,151,151,150
,,,0.31409846505444017,0.33090268451771104,0.3096999949383238,1749.png,151,151,150
,,,0.31213519387661753,0.3154260151898742,0.2971000180865173,1750.png,154,146,155
,,,0.3136984642297468,0.3311026216556039,0.31040000171120974,1751.png,151,151,150
,,,0.30857158364784265,0.321267100519855,0.30619997608518934,1752.png,150,150,155
,,,0.30857237719458125,0.3212675878568751,0.30619997608518934,1753.png,150,150,155
,,,0.31429846954039775,0.33100268397582966,0.30989999934228785,1754.png,151,151,150
,,,0.3139263784572096,0.34005070604556836,0.3188999899411249,1755.png,149,155,148
,,,0.3140984837802523,0.33090270257348525,0.31019999553231475,1756.png,151,151,150
,,,0.31571277661287517,0.33209337075183953,0.30989999934228785,1757.png,152,151,149
,,,0.5598548711565262,0.3940503835490927,0.20740002093580864,1758.png,207,91,0
,,,0.3135984715298754,0.33040265967824767,0.3105000073850435,1759.png,151,151,150
,,,0.31399844125115345,0.33110269397744974,0.31089998376554917,1760.png,151,151,150
,,,0.314398418970856,0.33200267748895396,0.3114000152881509,1761.png,151,152,150
,,,0.491417882348232,0.3439430699880213,0.20640001411320394,1762.png,202,91,79
,,,0.4588586389280843,0.4741020311184194,0.3048000040157472,1763.png,182,146,0
,,,0.31419847485096647,0.3310026946190946,0.31089998376554917,1764.png,152,151,150
,,,0.31389848432279854,0.3312026631435742,0.31169997989695525,1765.png,151,152,150
,,,0.31279844326522993,0.3296026976021328,0.31129999463392016,1766.png,151,151,151
,,,0.3162127784651289,0.3338933698834619,0.31199999431414127,1767.png,152,152,149
,,,0.3155984891475126,0.3317026611405024,0.3105999870916222,1768.png,152,151,149
,,,0.2900753469529588,0.31001356899189236,0.3158999629737424,1769.png,142,154,166
,,,0.3149984651165352,0.3312026700555607,0.31089998376554917,1770.png,152,151,150
,,,0.31489846979599406,0.3315026862501425,0.31129999463392016,1771.png,152,151,150
,,,0.3142984844154901,0.3310026441056762,0.31150000982784526,1772.png,152,151,150
,,,0.31439843250570343,0.3311026668242754,0.31150000982784526,1773.png,152,151,150
,,,0.28757535828979813,0.31071359703732787,0.3196000047577483,1774.png,140,155,167
,,,0.313602899376802,0.33100065971114534,0.3122999868997943,1775.png,151,152,151
,,,0.2876721143834268,0.30915795469583307,0.3180000159038172,1776.png,140,155,168
,,,0.3139984463298997,0.33050267181919046,0.31159997822477276,1777.png,152,151,151
,,,0.4566621016802714,0.47439861051989857,0.30759999764885315,1778.png,181,147,3
,,,0.3144984888018693,0.3300026731527459,0.31079998715356244,1779.png,152,151,150
,,,0.2908753502020687,0.31481359744397613,0.3207000002684794,1780.png,141,156,165
,,,0.3144984438464143,0.32970266976116464,0.31070000012173726,1781.png,152,151,151
,,,0.31001695762438475,0.3133628552194406,0.299700013484456,1782.png,153,147,157
,,,0.547841830826018,0.3674653960034149,0.1989000123570218,1783.png,208,84,43
,,,0.5616618625686446,0.37944236817920574,0.2004000157839848,1784.png,209,84,23
,,,0.28611384651675686,0.30790706556350833,0.31929996976042835,1785.png,140,155,169
,,,0.3140984411809746,0.3308026812687823,0.3127000059934957,1786.png,152,152,151
,,,0.3101501964486998,0.31338799820550955,0.30009999422782074,1787.png,154,147,157
,,,0.3125984243848389,0.3295026814326419,0.3134000258105906,1788.png,152,152,152
,,,0.3141984558019558,0.3308026734798705,0.3132000090764684,1789.png,152,152,151
,,,0.2852753738071417,0.30611361714535934,0.31929996976042835,1790.png,140,155,170
,,,0.306528046379115,0.3158978527275589,0.30680000010295727,1791.png,151,149,158
,,,0.30652809916832,0.3158974079674738,0.30680000010295727,1792.png,151,149,158
,,,0.2902753784863466,0.31051358451583755,0.3184999945069119,1793.png,142,155,167
,,,0.3150984734386004,0.3311026573578961,0.31289998861407836,1794.png,153,152,150
,,,0.3131984472223346,0.3304026747106858,0.31449998965850195,1795.png,152,152,151
,,,0.31529842936179675,0.33060268893620615,0.3125999811279981,1796.png,153,151,150
,,,0.31429845236709086,0.32960271784999723,0.31279996877339467,1797.png,153,152,151
,,,0.2896753010148013,0.3140135894812689,0.323400017343856,1798.png,141,156,166
,,,0.31539844705473236,0.33200266565502357,0.314099978202769,1799.png,153,152,150
,,,0.31429846711648896,0.3302026555636689,0.3134999944936722,1800.png,153,152,151
,,,0.36441690639059,0.3819980370911619,0.3132000090764684,1801.png,166,150,115
,,,0.3142984495518478,0.33160269309156715,0.3152999768283781,1802.png,152,152,151
,,,0.314698488482332,0.33210267906084356,0.31539997763731703,1803.png,153,152,150
,,,0.3135984341257416,0.3318026955142534,0.3165999791895435,1804.png,152,153,151
,,,0.3152984105555314,0.3310026857993465,0.314200012001134,1805.png,153,152,151
,,,0.31489842600650747,0.33110266910221153,0.31470000900716166,1806.png,153,152,151
,,,0.3692168472995907,0.37809809303818775,0.3065000018950873,1807.png,169,147,115
,,,0.31439842594687784,0.3317026925538488,0.3159000109569925,1808.png,153,153,151
,,,0.3145984751604912,0.3313026559531911,0.3155000115739335,1809.png,153,152,151
,,,0.31439840299406496,0.3306026910914038,0.31510002665198683,1810.png,153,152,151
,,,0.36901684705980264,0.3827981130742872,0.3111000175826513,1811.png,168,149,113
,,,0.28867536197741844,0.31441358244635886,0.32680001910901246,1812.png,140,157,167
,,,0.5451407336287258,0.3460486318847741,0.19049998778808394,1813.png,211,74,57
,,,0.3140984566195521,0.3300026922931557,0.3152999768283781,1814.png,153,152,152
,,,0.3140984471233802,0.33000268993421905,0.3155000115739335,1815.png,153,152,152
,,,0.3724168207876855,0.38069810906696677,0.3072000313202591,1816.png,170,147,113
,,,0.31419845814595515,0.3315027083819187,0.3170999928863112,1817.png,153,153,151
,,,0.31521275753148587,0.3319934125060362,0.31669999031533097,1818.png,153,153,151
,,,0.3711168813263132,0.38019804330344287,0.30829998893898597,1819.png,170,148,114
,,,0.31529845395873396,0.3317026986014481,0.3170999928863112,1820.png,154,153,151
,,,0.2916348470046186,0.31365902602011725,0.32469998723018784,1821.png,143,156,166
,,,0.29237530909333614,0.31531358293002704,0.32579997741104133,1822.png,143,157,166
,,,0.36351688884603156,0.38009807542517465,0.316200025203311,1823.png,167,151,117
,,,0.31631278118678013,0.3305933875204267,0.3160999873575796,1824.png,155,152,151
,,,0.3632168657157165,0.37559806211801117,0.3132000090764684,1825.png,168,150,119
,,,0.36441686000236706,0.37539807574592965,0.3123999953924282,1826.png,169,149,118
,,,0.36241686984959326,0.377398088464808,0.3159000109569925,1827.png,167,151,118
,,,0.3183127418244633,0.33109340129390497,0.3160000066087682,1828.png,156,152,150
,,,0.535034946338881,0.3464790399250414,0.19679999005800336,1829.png,211,79,62
,,,0.5350352507212964,0.3464788664457138,0.19679999005800336,1830.png,211,79,62
,,,0.31601279396355114,0.3340933946168388,0.3224000206894833,1831.png,154,154,151
,,,0.3157127970841521,0.3334933649909728,0.3223000166284151,1832.png,154,154,151
,,,0.5552528741377301,0.3851324238615398,0.2119000130865115,1833.png,210,90,23
,,,0.3159127784527123,0.3311933815464324,0.32049998982545896,1834.png,155,153,152
,,,0.36741685723453515,0.37659807650001154,0.31389998625242976,1835.png,170,149,117
,,,0.3163127690117826,0.33299339493145697,0.3226999988109137,1836.png,155,154,151
,,,0.3177127949512277,0.3306933884010606,0.32010003692575484,1837.png,157,153,151
,,,0.35072283505985963,0.34777207113867825,0.30670001424517745,1838.png,169,146,133
,,,0.34962288541199427,0.34717211016100896,0.3080999893593854,1839.png,169,146,134
,,,0.35402285199584654,0.3506720907784536,0.3074999912134104,1840.png,170,146,131
,,,0.34692286412493417,0.34387208780571665,0.30829998893898597,1841.png,169,146,136
,,,0.3173127652569611,0.3314933806921143,0.3254000065647333,1842.png,157,154,152
,,,0.40159607177804435,0.38730853672818477,0.30090001269668276,1843.png,182,142,101
,,,0.3166127509150109,0.3313934001170546,0.32680001910901246,1844.png,157,154,153
,,,0.5335349381473268,0.37577278965247024,0.2199999948459444,1845.png,210,94,47
,,,0.3157127881173739,0.33149337519838107,0.3279999756839713,1846.png,156,155,153
,,,0.40512047383006616,0.3943121725444063,0.30459999910166635,1847.png,182,143,97
,,,0.41338787640606556,0.397016144422168,0.30069999973643013,1848.png,184,141,92
,,,0.41250791157672545,0.3976302699154408,0.3019999990204969,1849.png,184,142,93
,,,0.41250810345943684,0.3976295265941842,0.3019999990204969,1850.png,184,142,93
,,,0.35312285321699505,0.3425720844833785,0.30399999488171414,1851.png,172,144,135
,,,0.5256539366764837,0.33869886148293515,0.2020000180036038,1852.png,213,79,70
,,,0.31561276349266826,0.33149339679143364,0.32939999228906,1853.png,157,155,154
,,,0.3520634180470334,0.34735276076835075,0.3096999949383238,1854.png,171,146,134
,,,0.539134956451732,0.3760727449135798,0.2190999843525813,1855.png,212,93,44
,,,0.31360292298691284,0.33090065210703334,0.3319000208012753,1856.png,156,156,155
,,,0.35182286573050386,0.34567211700521105,0.3090999778675996,1857.png,171,146,135
,,,0.3575228291464247,0.3496721247172046,0.3078000048248368,1858.png,173,145,131
,,,0.4001205218400432,0.3910121827277587,0.30759999764885315,1859.png,182,144,100
,,,0.35482286520622847,0.35017207394162886,0.3111999953995183,1860.png,172,146,132
,,,0.2286005491358925,0.28289986255813226,0.39039996752937234,1861.png,83,180,211
,,,0.3519228253183118,0.3497721178047749,0.31360003218330545,1862.png,171,147,133
,,,0.40032051059550805,0.3890121560735235,0.30670001424517745,1863.png,182,143,101
,,,0.4023205266918725,0.3925121440788552,0.3080000043211094,1864.png,182,144,99
,,,0.5346349281228938,0.3745727730638863,0.22119999453232153,1865.png,212,94,48
,,,0.4091204839275631,0.39551218366534063,0.30540002797001853,1866.png,184,143,95
,,,0.3161127734456647,0.3320934037045487,0.3319000208012753,1867.png,157,156,154
,,,0.3162127887254613,0.33189339076628205,0.33159999211084523,1868.png,157,156,154
,,,0.39862046178762195,0.3886121810966758,0.30859999112449255,1869.png,182,144,102
,,,0.535834944974843,0.3744727317703523,0.22139999339739563,1870.png,212,93,47
,,,0.40832050095738254,0.3929121648511897,0.3059999933137286,1871.png,185,142,97
,,,0.536334965918808,0.37397275295896537,0.22190000128820583,1872.png,213,93,47
,,,0.35589046621572595,0.34505849931774096,0.3090000011786827,1873.png,174,145,134
,,,0.4182631084743152,0.3928105413193854,0.29939998638074916,1874.png,188,139,93
,,,0.4182629470830216,0.3928102914589079,0.29939998638074916,1875.png,188,139,93
,,,0.5451349160939465,0.3753727732678491,0.21960000762077264,1876.png,214,91,41
,,,0.3586284355291705,0.34907249673152724,0.3105000073850435,1877.png,175,145,132
,,,0.4065204719500178,0.3893121701148911,0.3059999933137286,1878.png,185,142,99
,,,0.34792288151390593,0.3405720748815752,0.31289998861407836,1879.png,172,146,139
,,,0.5671734952568844,0.34894117716162065,0.19674999618636102,1880.png,219,70,46
,,,0.35488525618852024,0.34390593781332723,0.31010000689663414,1881.png,174,145,135
,,,0.41262047963619064,0.39171216046120033,0.30390001044831033,1882.png,187,141,96
,,,0.4098205491571458,0.39111215223256124,0.3063000177640303,1883.png,186,142,97
,,,0.4034204398532184,0.3881121835807324,0.3090000011786827,1884.png,185,143,101
,,,0.31581277242922967,0.3317934079469417,0.3375000413097623,1885.png,158,157,155
,,,0.41865313517117486,0.39260127023349944,0.30139999711787296,1886.png,189,139,93
,,,0.5435349352808002,0.37417277432272944,0.22139999339739563,1887.png,215,91,43
,,,0.35582283686139166,0.34507212193427633,0.31189998795206697,1888.png,175,145,134
,,,0.40882045209564627,0.39031216974579097,0.3074999912134104,1889.png,186,142,98
,,,0.5379349523488343,0.3727727077053592,0.2235000020147365,1890.png,214,93,47
,,,0.3550373772200522,0.34359878561572293,0.3123999953924282,1891.png,175,145,135
,,,0.3550374620950415,0.34359851641976996,0.3123999953924282,1892.png,175,145,135
,,,0.5632304319691516,0.33978720359393844,0.19479999305978923,1893.png,220,66,54
,,,0.5414349639803187,0.3727727460097883,0.2229999891934893,1894.png,215,92,46
,,,0.5423349105516442,0.3736727523700755,0.2231999865724471,1895.png,215,92,44
,,,0.5402348812815262,0.3726727962859956,0.2237000027549433,1896.png,215,92,46
,,,0.4149204986653793,0.3932121680283386,0.307699990403005,1897.png,188,142,95
,,,0.535834889740229,0.3716727760237046,0.22600000530182218,1898.png,215,93,50
,,,0.5392349762281231,0.3720727266561816,0.22490001699582382,1899.png,216,92,47
,,,0.32356712549465205,0.3462562844465372,0.35099999829255046,1900.png,161,161,149
,,,0.32395621393259494,0.34646134162309755,0.35099999829255046,1901.png,161,161,149
,,,0.3744313126715904,0.301069135106021,0.26469997799194406,1902.png,190,120,141
,,,0.49675922613535156,0.4412964870921013,0.2927999861166998,1903.png,203,132,7
,,,0.49675994548523705,0.44129622614164704,0.2927999861166998,1904.png,203,132,7
,,,0.5452349115231471,0.3713727627014016,0.2247999885446706,1905.png,218,91,45
,,,0.48899422079514976,0.436401504453676,0.2953999908741075,1906.png,202,133,28
,,,0.48899394946985036,0.43640126231018256,0.2953999908741075,1907.png,202,133,28
,,,0.31642316533592013,0.33486237931177415,0.3505000037876241,1908.png,160,160,156
,,,0.315333782144998,0.27490048602335,0.2888999912734568,1909.png,172,134,172
,,,0.2823810099218013,0.3281103335451931,0.3852999480720555,1910.png,138,173,174
,,,0.27710339945957524,0.3524954968063156,0.4218999784024409,1911.png,125,186,170
,,,0.48883663642542535,0.43625151278936924,0.29700000976471563,1912.png,203,134,28
,,,0.3264338002032226,0.27900047927991534,0.2845000277470256,1913.png,177,131,167
,,,0.32613383387596234,0.27870047045819346,0.2845999851454615,1914.png,177,131,167
,,,0.318277299007496,0.34931248465560927,0.3658000482642211,1915.png,158,165,152
,,,0.48949201110147567,0.43926719445565043,0.29939998638074916,1916.png,203,134,23
,,,0.4847919663372318,0.4351671761443654,0.29960000148907096,1917.png,202,135,34
,,,0.49569475817750636,0.4412114049493347,0.29720001430338344,1918.png,204,133,9
,,,0.32193381678223093,0.2750004847743045,0.2854000164815337,1919.png,176,132,170
,,,0.3178358468302411,0.28408487602631133,0.2988000013057824,1920.png,173,138,170
,,,0.32623380382586675,0.27900049255472487,0.2862000069752344,1921.png,178,132,167
,,,0.31616652921958643,0.34257735485265406,0.36320003625180014,1922.png,159,164,155
,,,0.31616667622325545,0.3425769938052041,0.36320003625180014,1923.png,159,164,155
,,,0.5443325628752825,0.3705748847157969,0.228199981148823,1924.png,219,91,46
,,,0.3161663005377381,0.34257644139409366,0.36320003625180014,1925.png,159,164,155
,,,0.5443330179550963,0.3705744492954818,0.228199981148823,1926.png,219,91,46
,,,0.4129998817121862,0.44019969368951806,0.35759997352425665,1927.png,184,160,76
,,,0.3250338226307058,0.2783004858414284,0.2875000105427866,1928.png,177,132,168
,,,0.5502944818161218,0.3840103730215034,0.2344000097940355,1929.png,219,96,30
,,,0.4861919702233925,0.43626719302881484,0.30169998588385916,1930.png,203,135,31
,,,0.3251338080563307,0.27840047497983467,0.2878999902818837,1931.png,178,132,168
,,,0.4909920145511054,0.4402671512968617,0.30150001390487974,1932.png,204,135,20
,,,0.32053380742180304,0.2782004444393129,0.29199998557035545,1933.png,175,134,170
,,,0.32013382092775017,0.2745004790277176,0.28860002269052115,1934.png,176,133,172
,,,0.27570341484978955,0.34689549169800515,0.4250999505843876,1935.png,127,186,174
,,,0.5006920309530858,0.44256715005580244,0.2988000013057824,1936.png,206,133,0
,,,0.3232337907206242,0.27900046800707606,0.29179998867129675,1937.png,177,134,169
,,,0.28073381205156367,0.345065159959738,0.4157000445878488,1938.png,132,183,172
,,,0.3199049673275243,0.28104025638119895,0.29720001430338344,1939.png,175,136,170
,,,0.3216337942168799,0.2737004747504717,0.2878999902818837,1940.png,177,132,172
,,,0.2741190410096579,0.3110571900627824,0.38399995207772536,1941.png,137,172,184
,,,0.32103381375707485,0.272600475746526,0.2877999944112253,1942.png,177,132,172
,,,0.2806034009561373,0.3521955434710612,0.4256000102672464,1943.png,130,186,170
,,,0.544127085911287,0.3759627827677525,0.2342999948330467,1944.png,220,94,43
,,,0.5441276037031103,0.3759628481686906,0.2342999948330467,1945.png,220,94,43
,,,0.3200337643532692,0.27390047239687093,0.2904999769289152,1946.png,177,133,172
,,,0.3199509934623888,0.28225426726981623,0.2995000001690052,1947.png,175,137,170
,,,0.28469984686384364,0.3518000551932758,0.41960007446967207,1948.png,134,183,168
,,,0.4825919781796162,0.4318671777524073,0.3041000129381216,1949.png,204,135,39
,,,0.33043381428101626,0.2799004740926753,0.28819999273950153,1950.png,181,131,167
,,,0.4889920025565547,0.4305671510228019,0.29989998836930887,1951.png,206,133,35
,,,0.2873034158053532,0.35399553417028023,0.41970005490420326,1952.png,136,183,166
,,,0.2834033755018787,0.35059553596308773,0.42179998343391634,1953.png,134,184,169
,,,0.32006727397005946,0.3459734621757562,0.36860004471393987,1954.png,162,165,153
,,,0.49499200636137036,0.4357671868027724,0.3001999899123673,1955.png,206,133,22
,,,0.3200675660795453,0.3459733430041395,0.36860004471393987,1956.png,162,165,153
,,,0.2746034021244374,0.3459955410703184,0.4297000370007769,1957.png,126,187,175
,,,0.3167719798828231,0.34249664882578723,0.36880001652930056,1958.png,161,165,156
,,,0.31677197206211466,0.34249629364952755,0.36880001652930056,1959.png,161,165,156
,,,0.3174588513046151,0.34313087945992177,0.3688999763429925,1960.png,161,165,155
,,,0.5033920023203514,0.43426712711055576,0.29450000370649965,1961.png,208,130,12
,,,0.28960344587722175,0.35759550716312977,0.4216000263581023,1962.png,137,184,164
,,,0.27599988263717756,0.34519995419766825,0.4276999423678254,1963.png,128,186,175
,,,0.5434609964908871,0.39075191159213063,0.2458999899426334,1964.png,219,102,29
,,,0.5106001911716326,0.43819049097712687,0.29350000906639795,1965.png,209,129,0
,,,0.2810034400621354,0.3506955022368028,0.4272000285177461,1966.png,132,186,171
,,,0.31462988343418163,0.3391492984595386,0.3692999962189422,1967.png,161,165,158
,,,0.3152764145516809,0.3395567102542707,0.3691999641535148,1968.png,161,165,158
,,,0.28239985125585804,0.3491999818505872,0.4238999872737133,1969.png,133,184,171
,,,0.3201338144326817,0.2704004964275897,0.2896000016357081,1970.png,178,132,174
,,,0.22960059302580899,0.2824998430344485,0.4221000157480598,1971.png,89,186,218
,,,0.5243768942853131,0.34999271123998693,0.22900000191103012,1972.png,220,89,69
,,,0.2782033884504339,0.34899552929874456,0.43049994491355265,1973.png,129,187,173
,,,0.3190182063597023,0.34114131198408637,0.3669999951206783,1974.png,163,164,156
,,,0.31881098083400927,0.3409196584892459,0.3669999951206783,1975.png,163,164,156
,,,0.31881107128765607,0.3409192988609978,0.3669999951206783,1976.png,163,164,156
,,,0.3230338074734669,0.2741004528809475,0.29139999606436434,1977.png,179,132,172
,,,0.27641946983016713,0.3170339237659997,0.3941999703590885,1978.png,138,175,183
,,,0.2764199781264692,0.3170343466800389,0.3941999703590885,1979.png,138,175,183
,,,0.3806988167954632,0.32500155047366786,0.29380000254739624,1980.png,193,131,135
,,,0.32493381425758633,0.27610049570533635,0.29250002430529076,1981.png,180,133,171
,,,0.28680342049601615,0.34949552744813367,0.4199000634165276,1982.png,138,183,169
,,,0.330133762316176,0.2777004932789515,0.2898999715900432,1983.png,182,131,168
,,,0.27629989994542054,0.3455000524444408,0.4310000683219668,1984.png,129,187,175
,,,0.2762034030120137,0.34619552617588745,0.43230001325216016,1985.png,129,187,175
,,,0.3178341901894998,0.34002434506938123,0.3692999962189422,1986.png,163,164,157
,,,0.27579986001890444,0.34180006326513596,0.42790003174317087,1987.png,130,185,177
,,,0.28400340029663124,0.34779554645513494,0.42320002488332753,1988.png,136,184,171
,,,0.32803384180649997,0.27830048579168004,0.29350000906639795,1989.png,181,132,169
,,,0.49369197829391853,0.4308671818133677,0.3021000087664856,1990.png,208,133,31
,,,0.5206733314207248,0.3453619328507041,0.2297000060990341,1991.png,221,89,73
,,,0.520673597251155,0.3453615786855074,0.2297000060990341,1992.png,221,89,73
,,,0.319111702126013,0.34279394615361575,0.3720000182125835,1993.png,163,165,156
,,,0.32993382276524874,0.2777004523768065,0.29159999213466886,1994.png,182,131,169
,,,0.32563383114156813,0.2723004613265503,0.2899999887019759,1995.png,181,131,172
,,,0.28896280531716634,0.3414411367116449,0.4098999883189231,1996.png,143,179,171
,,,0.5271065850712081,0.3498866008532947,0.23039998711053294,1997.png,222,89,68
,,,0.5271070120355689,0.34988613265722296,0.23040002598921913,1998.png,222,89,68
,,,0.28860336647090895,0.35149551839938975,0.4227999887883116,1999.png,139,183,168
,,,0.28200345434754587,0.3449955328655891,0.42500000614167865,2000.png,135,184,173
,,,0.34368485491616513,0.3193554121152466,0.32289998612927906,2001.png,181,145,152
,,,0.5055919976081894,0.4390671776238271,0.3019999990204969,2002.png,210,132,0
,,,0.3254337852878127,0.2723004931816545,0.29099998302455576,2003.png,182,131,172
,,,0.3283338250342867,0.2757004944862697,0.2920999955088001,2004.png,182,131,170
,,,0.5189439089486966,0.3460620694746797,0.2320000160538949,2005.png,221,90,74
,,,0.5053920111169204,0.4392672014048756,0.3025999923707745,2006.png,210,132,0
,,,0.329733804734625,0.2777004808437457,0.29350000906639795,2007.png,183,132,169
,,,0.4951919795186697,0.43186719861711786,0.30420000613882187,2008.png,209,133,28
,,,0.28169984144385307,0.3479000510388417,0.43160007762741837,2009.png,134,186,173
,,,0.2774469908904688,0.3091211972119025,0.389399972909863,2010.png,143,172,186
,,,0.32346135867916626,0.27561316345852716,0.2978000130344411,2011.png,180,134,173
,,,0.34311797854984205,0.3191635309347508,0.32509999574075893,2012.png,181,146,153
,,,0.2774474535714131,0.3091209418720528,0.389399972909863,2013.png,143,172,186
,,,0.277499883969028,0.34260001098433257,0.43150001773999774,2014.png,132,186,177
,,,0.29120345038130063,0.34939552056005097,0.4193999438806247,2015.png,143,182,168
,,,0.3317338180841264,0.27810047405591,0.29340002238097923,2016.png,184,131,169
,,,0.3243217951928611,0.27534531539527357,0.2974000049077039,2017.png,181,133,173
,,,0.32432182033157625,0.2753448578540452,0.2974000049077039,2018.png,181,133,173
,,,0.2777999302590338,0.34190000195125136,0.4312000489575488,2019.png,133,186,177
,,,0.2845034364347422,0.351195510577942,0.4324999372539061,2020.png,136,186,171
,,,0.33143380729379296,0.2780004519860633,0.293899988621266,2021.png,184,132,169
,,,0.38552084283298355,0.4243593147216298,0.3857000324301537,2022.png,180,168,99
,,,0.33486198922520466,0.2820292245987773,0.2952000151284924,2023.png,184,132,166
,,,0.2879033704590382,0.34639552257751666,0.42310004322848815,2024.png,141,183,171
,,,0.27939982351593784,0.3451000640183106,0.43440007269037495,2025.png,133,186,175
,,,0.33223377025225287,0.2760004752606237,0.29219999411602116,2026.png,185,130,169
,,,0.31832119010813503,0.34029635309583295,0.37629998160728245,2027.png,165,166,158
,,,0.3322337652976341,0.27580051116494664,0.29230000415256974,2028.png,185,130,169
,,,0.5311229516955751,0.34966067441097554,0.23199997699542355,2029.png,224,88,67
,,,0.2779998857486228,0.343599994132889,0.43570003423567516,2030.png,133,187,177
,,,0.2788998831282668,0.34220002031589153,0.4326000481050533,2031.png,134,186,177
,,,0.29030340961240225,0.3499955302979337,0.42520001306096505,2032.png,142,183,169
,,,0.2793998215476817,0.3419000141081675,0.4318000074102654,2033.png,135,185,177
,,,0.3394038233520846,0.2867823213594748,0.2992000140363471,2034.png,186,133,164
,,,0.3525674204592453,0.31999173208281473,0.3221999967850811,2035.png,186,143,149
,,,0.40236815566046835,0.35338685797552816,0.3117999910707242,2036.png,198,137,119
,,,0.4066681700151334,0.35458686381896665,0.3096000190964434,2037.png,199,136,117
,,,0.2809998437831971,0.3433000277647877,0.43400002035428714,2038.png,136,186,176
,,,0.28109987307311063,0.3434000844613528,0.43400002035428714,2039.png,136,186,176
,,,0.40756818667457284,0.35498682152613403,0.3096000190964434,2040.png,199,136,116
,,,0.4098681565821128,0.353986882088335,0.3072000313202591,2041.png,200,134,116
,,,0.28089990141179366,0.3420001135632089,0.4331000938765749,2042.png,137,185,176
,,,0.28069985485644605,0.34189999089184075,0.4337000200912939,2043.png,137,186,177
,,,0.5277119039470652,0.34543569945234875,0.23309999609155085,2044.png,225,87,71
,,,0.28109986907257856,0.34250009021014227,0.4341000066952346,2045.png,137,186,176
,,,0.40616817579720416,0.3510868207310499,0.30849998058957795,2046.png,200,135,118
,,,0.4436985308181206,0.48632853020760164,0.39129999869942583,2047.png,192,168,0
,,,0.44369841636316903,0.48632840475596156,0.39129999869942583,2048.png,192,168,0
,,,0.44369884900971357,0.48632823242936263,0.39129999869942583,2049.png,192,168,0
,,,0.5625001271767153,0.3671287485894654,0.23320001223028317,2050.png,228,86,38
,,,0.28289978466243426,0.34830007120427575,0.4398999460554754,2051.png,137,187,174
,,,0.5624999918344403,0.3671284711798641,0.23320001223028317,2052.png,228,86,38
,,,0.3600878740885787,0.3336293771036114,0.33140000741491754,2053.png,187,146,143
,,,0.28169982885363487,0.34250013651375405,0.43500005524150054,2054.png,138,186,176
,,,0.4054390705416093,0.4294617771094345,0.37899997691418635,2055.png,188,164,88
,,,0.2754557880910803,0.3457241205107629,0.44920002680424953,2056.png,130,190,179
,,,0.2821997829570019,0.34330000881704575,0.43540005323689346,2057.png,138,186,176
,,,0.40016819495224226,0.34838683883864296,0.31159997822477276,2058.png,199,136,122
,,,0.28249991876172587,0.3433000131116628,0.43500005524150054,2059.png,138,186,176
,,,0.2806998462060566,0.34150001647509887,0.4355000315989713,2060.png,137,186,177
,,,0.53700932799453,0.3464189340942772,0.23120000432769292,2061.png,227,84,66
,,,0.2784999142404847,0.3439000683664167,0.4426999311145085,2062.png,134,188,178
,,,0.35268788082686786,0.33012942230569864,0.3356000632117557,2063.png,185,148,147
,,,0.40119986727957957,0.43659975522958144,0.39019995333438845,2064.png,186,168,86
,,,0.4054682088328774,0.34778684430018036,0.30759999764885315,2065.png,200,134,120
,,,0.3903210999160034,0.41892373105693864,0.38519997707672576,2066.png,185,166,100
,,,0.390320817985905,0.4189233242271649,0.38519997707672576,2067.png,185,166,100
,,,0.5314580759851745,0.344782113463181,0.23290000066395813,2068.png,226,86,70
,,,0.5366109427890319,0.34608466906969515,0.23160000422970317,2069.png,227,84,67
,,,0.2953034036032646,0.34939556830701646,0.42500000614167865,2070.png,148,182,168
,,,0.2834999001092744,0.3449000284195016,0.43730002521307554,2071.png,139,186,175
,,,0.41146819669287493,0.3533868346109903,0.3088000179561717,2072.png,202,134,116
,,,0.29080345517781,0.3482955483359412,0.43080004626378043,2073.png,144,184,170
,,,0.3517500024830549,0.3255425286311625,0.33289994098425063,2074.png,186,146,149
,,,0.3517504347981839,0.3255427461905557,0.3329000279411054,2075.png,186,146,149
,,,0.35538788671763344,0.3316294043212559,0.3357000265046145,2076.png,186,148,146
,,,0.41476819317999436,0.3530868687195794,0.3065000018950873,2077.png,203,133,115
,,,0.4080681837202615,0.3473868360508105,0.3068999959221186,2078.png,202,133,119
,,,0.4153681996329496,0.35158683626775467,0.30519999509674856,2079.png,203,132,115
,,,0.28559987132700676,0.34980000996608784,0.4425999953184615,2080.png,140,187,173
,,,0.2826998307158886,0.3419000083859233,0.4370999800609816,2081.png,139,186,177
,,,0.2813998378105958,0.3388001273608389,0.4351999196372387,2082.png,139,185,178
,,,0.28189986917104687,0.340400074627908,0.43650000232610775,2083.png,139,186,178
,,,0.41276822548914976,0.3498868637297297,0.306599979558051,2084.png,203,133,117
,,,0.35138787595687077,0.32952939856189156,0.3393000500719434,2085.png,185,149,148
,,,0.35998785626409524,0.3318293902997144,0.33359996164588324,2086.png,188,146,144
,,,0.28439987589896365,0.3433000178143919,0.4370000995114927,2087.png,141,186,176
,,,0.3539878829264018,0.33152940349965243,0.3393000500719434,2088.png,186,149,147
,,,0.5360942103854852,0.3470418428867358,0.23460000704484898,2089.png,228,86,67
,,,0.43932417303609145,0.3778132928346958,0.31169997989695525,2090.png,206,134,96
,,,0.2913284522573851,0.349111954551777,0.43439995401886394,2091.png,145,184,170
,,,0.2849964252665919,0.3410059551727709,0.4341000066952346,2092.png,142,185,176
,,,0.4514925458650748,0.4800995051122468,0.3859999551859536,2093.png,197,165,0
,,,0.4089681384851752,0.3481868594703567,0.30930000776367045,2094.png,203,134,119
,,,0.36178788816907714,0.33122941437240067,0.33270000512064096,2095.png,190,145,144
,,,0.4058998987110711,0.434799718851425,0.38930002472747477,2096.png,189,167,85
,,,0.3988998535606607,0.434799744517239,0.3963000284701526,2097.png,186,169,89
,,,0.3954750892633036,0.4165757728234557,0.3829999958634319,2098.png,188,164,99
,,,0.3885310662991903,0.4451937874640828,0.4174000135102989,2099.png,181,176,89
,,,0.34808788568150073,0.3267294345071459,0.34229997108086885,2100.png,185,150,151
,,,0.3540878337043739,0.32702940962058075,0.3371999919575391,2101.png,188,147,149
,,,0.40969990059616346,0.43379974829365125,0.3872999514424218,2102.png,191,165,84
,,,0.3503879338423069,0.3222294217769806,0.3363999626485633,2103.png,187,147,152
,,,0.44079710621512336,0.45920253876308564,0.38129999085576727,2104.png,197,163,49
,,,0.35394681906949105,0.32660145465785706,0.3380000463378103,2105.png,188,147,149
,,,0.43462412389664784,0.3763133301135395,0.3172000130491688,2106.png,206,136,99
,,,0.38553107209780035,0.4407937484093064,0.418899989948996,2107.png,181,177,93
,,,0.4077999380907097,0.43399969126185634,0.39049999334483043,2108.png,190,166,85
,,,0.36098788159958345,0.32912939485994935,0.33510004532054266,2109.png,191,146,146
,,,0.3800987988198805,0.32500156750597453,0.31439998785885437,2110.png,198,136,139
,,,0.28469985799304615,0.3398000212989317,0.4394000301267839,2111.png,143,185,178
,,,0.45350000318247025,0.3686001957368627,0.299700013484456,2112.png,213,127,94
,,,0.39584179244060536,0.41363033118657067,0.38600006487033667,2113.png,190,164,101
,,,0.44462412571307364,0.3802133379035036,0.31649998912107313,2114.png,209,135,93
,,,0.3914310959623149,0.44709375105333715,0.4227999887883116,2115.png,183,177,87
,,,0.4134998613900523,0.442299725892704,0.39670001093807006,2116.png,192,168,78
,,,0.3581878829775951,0.32552940775108247,0.33790000334323056,2117.png,191,146,149
,,,0.3948310851244353,0.4466937316831305,0.42100002585908874,2118.png,185,176,86
,,,0.3584398296384162,0.3226054561678795,0.33580000964583634,2119.png,192,145,150
,,,0.45631184854467655,0.476842254778925,0.39019995333438845,2120.png,201,164,0
,,,0.40519978086471836,0.43049972877596,0.3970999410887649,2121.png,192,167,89
,,,0.3896310573311258,0.441893804714872,0.4244999638068084,2122.png,184,177,91
,,,0.4603092617543939,0.48808091108334434,0.39720004596075137,2123.png,201,166,0
,,,0.45092411734207843,0.3802133162932457,0.3160000066087682,2124.png,212,133,91
,,,0.4062999612843845,0.43179969640208654,0.3990999932206315,2125.png,192,168,88
,,,0.407399860227484,0.43279967162960836,0.40080002092893835,2126.png,193,168,87
,,,0.38773107043452554,0.4350938161221661,0.4238999872737133,2127.png,185,176,96
,,,0.3899310758074483,0.4466937607144309,0.43300003910980694,2128.png,184,179,89
,,,0.3979310685888121,0.44289377939507657,0.42140004526729485,2129.png,188,175,87
,,,0.4096996419460818,0.44470146483306405,0.411100005161221,2130.png,192,171,80
,,,0.338682659566648,0.32950018391097763,0.3695999877134316,2131.png,184,158,157
,,,0.45172416975185276,0.37681330272364383,0.3169000156421447,2132.png,214,132,93
,,,0.3989310546326404,0.44779379835388794,0.4265999721181601,2133.png,188,177,84
,,,0.4533984472877174,0.4783953979696773,0.4019000165945864,2134.png,202,167,0
,,,0.4594241549650955,0.38091331568700787,0.3160999873575796,2135.png,216,132,88
,,,0.3950310395438636,0.4409938038214097,0.42600003862236124,2136.png,188,176,90
,,,0.3432165254298125,0.341150038137576,0.3796999832565828,2137.png,184,161,152
,,,0.4055999444901892,0.4352997860128204,0.41030002921573544,2138.png,193,171,87
,,,0.46392414184061165,0.37951332966826223,0.31280001644221583,2139.png,217,130,86
,,,0.40309989616934416,0.43259972481805037,0.4104000408154177,2140.png,193,171,90
,,,0.40693107558821395,0.44219377337694565,0.416000031156525,2141.png,193,173,83
,,,0.3960310671164302,0.4458938031764033,0.4311999308695542,2142.png,188,178,87
,,,0.37319823485925,0.30044814268159337,0.30849998058957795,2143.png,203,129,152
,,,0.34302857753904975,0.34114900993864467,0.3811999787669542,2144.png,184,161,153
,,,0.3444626805396828,0.33019215142532565,0.3678999823118587,2145.png,187,156,155
,,,0.3444624560569633,0.33019185857637773,0.3678999823118587,2146.png,187,156,155
,,,0.37529249045315,0.3007995115430245,0.30849998058957795,2147.png,205,129,151
,,,0.4578241649992745,0.3812132918415841,0.32080003668692647,2148.png,216,133,89
,,,0.46442410255096445,0.3782133272093855,0.3149000173810458,2149.png,218,130,87
,,,0.3383794089204437,0.32630382058499313,0.37289998474297664,2150.png,186,158,160
,,,0.3979311096411205,0.44109374085163533,0.43049994491355265,2151.png,191,177,89
,,,0.2911733754477968,0.3584594787392721,0.47839999447297765,2152.png,147,194,173
,,,0.3135014672350066,0.33090026030134273,0.41060002704595866,2153.png,171,172,170
,,,0.4552999730203815,0.36220020325025154,0.30950002927296194,2154.png,219,126,98
,,,0.40499987591739267,0.43709973107551564,0.4199000634165276,2155.png,194,173,87
,,,0.4568241359698116,0.3729133510436686,0.3175999910148273,2156.png,218,130,93
,,,0.399131058093332,0.4420938028000328,0.43159995946640073,2157.png,191,177,88
,,,0.40149992168763055,0.435199638560036,0.42340003544332727,2158.png,193,174,90
,,,0.3889884460509731,0.30485862382588,0.3062000230810975,2159.png,210,126,145
,,,0.3889885523658917,0.30485849084084415,0.3062000230810975,2160.png,210,126,145
,,,0.46289988480286287,0.37860020589478305,0.31980000346604,2161.png,219,131,88
,,,0.42408110896350476,0.3928682950022258,0.362500006123679,2162.png,207,151,100
,,,0.3425076620965526,0.323722160278437,0.37049994963523164,2163.png,189,156,160
,,,0.45992411962464336,0.37381335950013145,0.318699992621411,2164.png,219,130,92
,,,0.3992998609825853,0.43059975777405074,0.4229999753092469,2165.png,194,173,94
,,,0.40379988040263115,0.4306997091457821,0.41919997833826395,2166.png,196,172,92
,,,0.40199995746147177,0.43689973512133884,0.428800022362599,2167.png,194,175,90
,,,0.3451617172460721,0.336858723286698,0.3854000459335661,2168.png,188,161,155
,,,0.3993999121770675,0.4334996928706079,0.4292000223439657,2169.png,194,175,93
,,,0.3449356329692214,0.3368430126385475,0.3870999535868608,2170.png,189,161,155
,,,0.34493552924582405,0.3368429113486304,0.3870999535868608,2171.png,189,161,155
,,,0.4417986278443679,0.37269064986585937,0.33489999022963385,2172.png,216,137,101
,,,0.405931068642973,0.4372937760336018,0.4276999423678254,2173.png,196,174,88
,,,0.35223026592730583,0.3417389695536123,0.3875999742569935,2174.png,192,161,151
,,,0.40839962780487155,0.44410145293014197,0.43450001660958637,2175.png,196,176,83
,,,0.31687381402612597,0.3439798592536105,0.43400002035428714,2176.png,172,178,167
,,,0.3522107097797383,0.341641687074469,0.3879000419297846,2177.png,192,161,151
,,,0.3992998648459859,0.4382996994960741,0.43990006572656115,2178.png,194,178,91
,,,0.4546999201876434,0.3796001979535804,0.33459996342443826,2179.png,219,136,93
,,,0.347612570599537,0.3369460403875794,0.3916999885087434,2180.png,192,161,156
,,,0.43502989320829044,0.36061029164452135,0.33580000964583634,2181.png,218,136,110
,,,0.35060553330917094,0.3407439303710097,0.39389994172251563,2182.png,192,162,153
,,,0.45759992219076123,0.36880023743545876,0.32729998964901286,2183.png,223,131,97
,,,0.4920076417518788,0.4338825090688547,0.3583000627315834,2184.png,223,144,32
,,,0.40079993880340353,0.4285997049892491,0.43490004949993927,2185.png,198,175,96
,,,0.2867894295221473,0.349293460406757,0.49680004741842815,2186.png,149,197,182
,,,0.44119710086543046,0.4594025398238217,0.42520001306096505,2187.png,207,171,51
,,,0.39505652798527086,0.29909253815337294,0.3097999923006446,2188.png,217,123,148
,,,0.39505745458570607,0.2990926282292871,0.30980002782330396,2189.png,217,123,148
,,,0.45839996802804833,0.3755002521087238,0.33520000913846143,2190.png,223,134,94
,,,0.4522998735338131,0.3709002221525883,0.3356000632117557,2191.png,222,134,98
,,,0.32241602602746977,0.28430827829177113,0.36110002260803115,2192.png,191,149,184
,,,0.4544999797017343,0.37280024424742314,0.336499997128875,2193.png,223,134,97
,,,0.4579999247633934,0.3707002045782523,0.3329000279411054,2194.png,224,132,96
,,,0.45827292142333276,0.37481928903779926,0.3363999626485633,2195.png,223,134,94
,,,0.46030000802292526,0.3711002025582756,0.3320000044333298,2196.png,224,132,95
,,,0.46459986360809896,0.37580024337780327,0.33370001263982313,2197.png,225,132,91
,,,0.4520998919378829,0.37470019550775213,0.3420000680033007,2198.png,222,137,97
,,,0.37154926985512726,0.297635122445508,0.3309999946457041,2199.png,210,133,159
,,,0.45659993836928164,0.3714001975942703,0.33630004805044644,2200.png,224,134,97
,,,0.4656999035234696,0.37160023755491783,0.3300001177201301,2201.png,226,130,93
,,,0.45621989969605037,0.3708642876364348,0.3362999605025155,2202.png,224,133,97
,,,0.4555999753543755,0.3750003516920924,0.3408000244609691,2203.png,223,136,96
,,,0.448999937704662,0.37480019521212127,0.34620000292602565,2204.png,222,138,99
,,,0.4523260711546207,0.38221436021261507,0.3507999408974907,2205.png,222,140,94
,,,0.45694492425651373,0.36401623813686,0.3309999946457041,2206.png,225,130,100
,,,0.4670260354440797,0.38271436170330814,0.3411999875129793,2207.png,226,135,87
,,,0.31320145632090296,0.3306002836170817,0.4395000517658676,2208.png,177,177,176
,,,0.4502999677999037,0.37540021715833444,0.3476000451290418,2209.png,223,138,98
,,,0.4514260354708609,0.3819143233035021,0.35299997764265345,2210.png,222,140,95
,,,0.4608999131234166,0.37830020840078193,0.34300006336207295,2211.png,225,136,92
,,,0.4523998418281018,0.3750003263728464,0.3465999934155913,2212.png,224,137,98
,,,0.4612000209465181,0.3738002268547667,0.33979999223851515,2213.png,226,134,94
,,,0.45972609114237045,0.38411429472653436,0.350599959533898,2214.png,225,139,90
,,,0.4653000350987474,0.37000025867739667,0.3338999630332392,2215.png,228,131,94
,,,0.45139989716128165,0.37210021319749614,0.3463000195082205,2216.png,224,137,100
,,,0.3538526323960492,0.3490526417896494,0.41449995897820857,2217.png,195,167,152
,,,0.4598999562844558,0.37240016589006386,0.34030005968867,2218.png,226,134,96
,,,0.465326029248789,0.37841433671161373,0.34190002122883245,2219.png,227,134,90
,,,0.45882609684554987,0.38381430258023497,0.35279996153511006,2220.png,225,139,91
,,,0.4365960205214349,0.492136275473916,0.4754500765645239,2221.png,204,185,0
,,,0.4574260061064515,0.3819143246701167,0.35239993666472985,2222.png,225,139,93
,,,0.46139984543042917,0.36910023047156204,0.33850005506691844,2223.png,228,132,97
,,,0.46002603292558386,0.3780143369275762,0.3480000382633213,2224.png,226,137,93
,,,0.4588998539426111,0.37410023762572125,0.34539999053404763,2225.png,227,135,96
,,,0.43980500583227305,0.4959992794858221,0.47850005931560285,2226.png,205,186,0
,,,0.4582999301705463,0.3723002386574556,0.34530004549779963,2227.png,227,135,97
,,,0.43589905623503006,0.4896312695678839,0.47830007011959547,2228.png,205,185,10
,,,0.46250002716806443,0.371400204314719,0.34289999903028073,2229.png,229,133,96
,,,0.45159928950449185,0.46210316025759407,0.43770006006219925,2230.png,214,172,40
,,,0.45160100058595787,0.4621019708580719,0.43769994079044233,2231.png,214,172,40
,,,0.4650260719786425,0.3845142989835366,0.35450001499427186,2232.png,228,138,88
,,,0.34521762904129466,0.33911463573609235,0.42229999985595995,2233.png,195,168,160
,,,0.4465350361147393,0.4995932788806932,0.4822999875915737,2234.png,208,186,0
,,,0.46272604178882704,0.38231432358738715,0.3563000076334628,2235.png,228,139,91
,,,0.4328959997281202,0.4824933020597846,0.48095003155026084,2236.png,206,185,33
,,,0.465099911661485,0.3751002254554208,0.34950006667178224,2237.png,230,135,93
,,,0.3925998911342568,0.4287996476127454,0.47350004695340003,2238.png,200,183,103
,,,0.4697999011529665,0.37510019160160984,0.346699997673264,2239.png,231,133,91
,,,0.39569988043813475,0.42889964186064633,0.4713000584510259,2240.png,202,183,102
,,,0.4669999591717159,0.3755002104042942,0.3505000037876241,2241.png,231,135,92
,,,0.4711475859997416,0.3708666580081898,0.3432000349081516,2242.png,233,131,93
,,,0.46972606127297056,0.38701433795067075,0.35950002229656247,2243.png,230,139,85
,,,0.47272607742234696,0.380314308172539,0.35169999276835645,2244.png,232,135,87
,,,0.4699260514925128,0.37141435555511676,0.3461000056032002,2245.png,233,132,93
,,,0.39529989931951826,0.42469968365879807,0.47050001592161855,2246.png,203,182,104
,,,0.39719990085277046,0.43039969723278215,0.47499995999261907,2247.png,203,183,100
,,,0.4521411313218059,0.4911487339293752,0.47719998843888806,2248.png,213,183,0
,,,0.4521405393753265,0.49114809091385686,0.47719998843888806,2249.png,213,183,0
,,,0.48130309213984496,0.4363799761390348,0.3996999994149292,2250.png,228,155,42
,,,0.4521979898182238,0.49041907549856434,0.47860001151998527,2251.png,213,183,0
,,,0.4810630733879502,0.4365710530094987,0.4022999945534643,2252.png,229,155,42
,,,0.4810635756234862,0.43657111055864595,0.4022999945534643,2253.png,229,155,42
,,,0.4726260957594692,0.37571431646108044,0.3544000057500527,2254.png,235,134,91
,,,0.4635790018288422,0.4935733181412779,0.47494998907324126,2255.png,217,181,0
,,,0.41409992261113804,0.4426995893264132,0.4782000331612987,2256.png,209,182,85
,,,0.44819300783608185,0.4866353071365453,0.48609997830309687,2257.png,214,184,0
,,,0.4859651414940953,0.4311260199778943,0.3977999653766787,2258.png,232,152,43
,,,0.3153603013789301,0.3346924314252555,0.4761000337303311,2259.png,183,184,180
,,,0.3153604571274625,0.3346922127358806,0.4761000337303311,2260.png,183,184,180
,,,0.3921999023638346,0.4243997336855069,0.4854999289256756,2261.png,204,185,107
,,,0.4660080199223383,0.49244926905291614,0.4743999739302002,2262.png,219,180,0
,,,0.39379996738337497,0.4277997670356136,0.4896000095986676,2263.png,204,186,105
,,,0.39449995198949145,0.425099737876327,0.4863000565981155,2264.png,205,185,106
,,,0.4462966382499541,0.45900046648606474,0.4666000043826404,2265.png,219,177,50
,,,0.455036075058424,0.4837447774495718,0.48360005901949416,2266.png,218,182,0
,,,0.4550365131268973,0.48374513193137525,0.48360005901949416,2267.png,218,182,0
,,,0.46042510784833734,0.4885627386185785,0.4827000524333463,2268.png,219,182,0
,,,0.31936526059512244,0.3299644561812356,0.4701000295033167,2269.png,188,181,180
,,,0.43594000504497754,0.47615532789619824,0.49775007394949145,2270.png,213,187,40
,,,0.4876200538503495,0.4262540255408551,0.399399977307734,2271.png,234,151,48
,,,0.4029998507687844,0.4275997360224664,0.4850000177041431,2272.png,209,183,101
,,,0.4603222303148772,0.4886203721580215,0.48520003361206115,2273.png,219,182,0
,,,0.4603226475732228,0.48861992148416605,0.48520003361206115,2274.png,219,182,0
,,,0.4413260224099844,0.4739263178044153,0.4909999773581594,2275.png,216,184,37
,,,0.45818702707784176,0.4785982924232698,0.47760000950686027,2276.png,220,180,0
,,,0.4604773080736672,0.48766489336483265,0.4843000041602554,2277.png,219,182,0
,,,0.48716858742682073,0.4266851032184264,0.40069995867962477,2278.png,234,151,48
,,,0.45819614113709534,0.48543070622436413,0.4848000408124715,2279.png,219,182,0
,,,0.4671790224924138,0.49008926949909715,0.4810000572721129,2280.png,221,181,0
,,,0.4580835931376074,0.48542896399259056,0.4863999883679542,2281.png,219,182,0
,,,0.4580838448036495,0.4854291231124244,0.4863999883679542,2282.png,219,182,0
,,,0.4580842587749743,0.48542933923814763,0.4863999883679542,2283.png,219,182,0
,,,0.3129324199655194,0.32643524022995113,0.4811000079701181,2284.png,186,184,186
,,,0.4628719912138937,0.4971343049968096,0.4953500336854616,2285.png,220,185,0
,,,0.4496992439856728,0.45940314753208483,0.47200004941305596,2286.png,221,177,47
,,,0.4719710249173151,0.4908942666649399,0.480599964481749,2287.png,223,180,0
,,,0.3252444278911221,0.3368502556608672,0.47889995164585974,2288.png,191,182,176
,,,0.45315561628410184,0.4931399477194489,0.5032000179366707,2289.png,218,187,0
,,,0.4664750468533718,0.486194254549023,0.4822999875915737,2290.png,223,180,0
,,,0.46648199545262614,0.48758533264794285,0.4838500405116761,2291.png,222,181,0
,,,0.4514950227302489,0.4721482932337696,0.4904999805110327,2292.png,221,182,25
,,,0.41420016825138917,0.4462002853107178,0.5075999916345806,2293.png,213,188,85
,,,0.4495010045972799,0.46090194395108375,0.4835000172505665,2294.png,223,180,46
,,,0.4542210314943829,0.47571427998431265,0.49395006331290825,2295.png,222,183,8
,,,0.44729662424545974,0.46050050689200844,0.49280001370445625,2296.png,224,181,49
,,,0.46723884884080036,0.48196215044520085,0.49430005080641,2297.png,227,182,0
,,,0.31249958307968495,0.33019929692040184,0.5065999793052258,2298.png,188,189,188
,,,0.38589930556477153,0.3256987005022037,0.4069000211965053,2299.png,226,151,154
,,,0.2610860693701326,0.30694080440889465,0.5795599146535093,2300.png,149,210,227
,,,0.2621860299625181,0.30894081117839545,0.5818599332288831,2301.png,150,210,226
,,,0.26498603722667424,0.31114080755281526,0.5818599332288831,2302.png,152,210,224
,,,0.2647860393812301,0.3080407939483016,0.5765599900375771,2303.png,154,209,225
,,,0.26228607031316536,0.3083407735220099,0.5836599975617538,2304.png,150,210,227
,,,0.2684860023288466,0.3104408108097376,0.5743600073694978,2305.png,157,208,222
,,,0.2627860318635501,0.30974081980176676,0.5855600101546592,2306.png,150,211,226
,,,0.265886066462809,0.3056407940128718,0.5713599942776757,2307.png,156,207,226
,,,0.26318605032584247,0.3104408024565551,0.5864599447799397,2308.png,151,211,226
,,,0.2626860558993535,0.3057408148182432,0.5809599221342024,2309.png,152,209,228
,,,0.26688602917922544,0.3116407834327858,0.5834599277259034,2310.png,155,210,224
,,,0.2608860345384871,0.30524081304061595,0.5855600101546592,2311.png,150,211,230
,,,0.2671860864144787,0.306840783710829,0.5773599594210206,2312.png,158,208,226
,,,0.2683860334723548,0.3076407986085846,0.5814599777827895,2313.png,160,208,226
,,,0.3131996315837781,0.33069927592514065,0.5365000589185661,2314.png,193,194,192
,,,0.45187398131908635,0.489877046421617,0.5517000525423776,2315.png,227,195,0
,,,0.3866993321776338,0.32589871783698765,0.4308999979158861,2316.png,232,155,158
,,,0.4119001793063345,0.44380028646213526,0.5511999634457448,2317.png,221,195,91
,,,0.4076355888488793,0.3948300123000647,0.49949996703249827,2318.png,228,178,121
,,,0.4076360975839701,0.3948304179902583,0.49949996703249827,2319.png,228,178,121
,,,0.4112791444154971,0.39015039877751934,0.496699928897356,2320.png,232,176,122
,,,0.4112795574754942,0.39015002595481524,0.496699928897356,2321.png,232,176,122
,,,0.3144009323133068,0.331399604188358,0.5594000006993453,2322.png,198,197,195
,,,0.3911923248196073,0.42116503273104317,0.571899945464363,2323.png,220,199,118
,,,0.404917337233463,0.43093501990571004,0.5730999662260668,2324.png,225,198,106
,,,0.40491766386207556,0.4309346681618185,0.5730999662260668,2325.png,225,198,106
,,,0.4337311147234143,0.39403340062836667,0.4953000054419668,2326.png,243,171,111
,,,0.40797866820366235,0.4264726701780021,0.57190007019545,2327.png,229,196,107
,,,0.4079792883584088,0.4264730415488149,0.571899945464363,2328.png,229,196,107
,,,0.4233989258016166,0.44819979732465076,0.5812000888412869,2329.png,231,198,84
,,,0.390991082355535,0.4241889437084388,0.6038999764656173,2330.png,224,204,119
,,,0.3907910977383552,0.4252889321610489,0.6089999377994475,2331.png,224,205,119
,,,0.39539111949701095,0.4287889605169889,0.6070000021035405,2332.png,225,204,115
,,,0.3137009039418056,0.33119962715310086,0.5945000180359012,2333.png,202,203,201
,,,0.3907911164017918,0.4268889355150083,0.6185999974491292,2334.png,225,207,119
,,,0.29082484534483394,0.31550910942395244,0.6192200379949915,2335.png,190,209,221
,,,0.2931248769961487,0.31530912733365674,0.6166199684197834,2336.png,192,208,220
,,,0.2922248872449275,0.3174090905106828,0.6236199497221129,2337.png,191,210,220
,,,0.29362483394306765,0.31570909801340996,0.617820051002729,2338.png,193,208,220
,,,0.39079110243049825,0.4251889781526524,0.6263000166835103,2339.png,227,208,121
,,,0.2940248373523079,0.3163090911686428,0.6196199256026528,2340.png,193,209,220
,,,0.3909910979197784,0.43338893917773263,0.6404000675930993,2341.png,226,211,116
,,,0.29162487299482454,0.31500908540358613,0.6243200173682281,2342.png,192,210,222
,,,0.28872484216969246,0.3151091024002767,0.6321199431811484,2343.png,189,212,224
,,,0.393891106940075,0.4278889678930921,0.6297999825557995,2344.png,229,208,118
,,,0.2915248620576951,0.31550909333650934,0.6289199750109694,2345.png,192,211,222
,,,0.39099108854642295,0.4264889833263995,0.6355000657332954,2346.png,228,209,121
,,,0.3950911096162016,0.4287889809435612,0.6333999955386274,2347.png,230,208,117
,,,0.3907910819986043,0.4282889731129784,0.6411000213020042,2348.png,228,210,120
,,,0.29112485649896963,0.3154090834429777,0.6339199506061799,2349.png,192,212,223
,,,0.39129110491511715,0.430988976306471,0.644899917813607,2350.png,228,211,118
,,,0.29222487580850043,0.31560908179165864,0.6328199515215642,2351.png,193,211,223
,,,0.2895248845788042,0.3162091196125808,0.6403200422104007,2352.png,190,213,224
,,,0.28952486920359394,0.31740909458494726,0.6498200787468658,2353.png,191,215,225
,,,0.3910911437512597,0.42928892555873044,0.6547998939424923,2354.png,230,212,120
,,,0.4228989667551528,0.44609977821513275,0.6324000369711185,2355.png,241,205,89
,,,0.39419115541703664,0.4287889489584562,0.6528999634099825,2356.png,232,211,119
,,,0.3911911242914163,0.4316889410784529,0.6667999576002764,2357.png,231,215,120
,,,0.3960910936703648,0.4288889443798482,0.6589999580371226,2358.png,234,212,119
,,,0.3908910982060214,0.4329889864318777,0.6750999796931789,2359.png,231,216,120
,,,0.313998998346523,0.3350625334350921,0.6522000422918248,2360.png,209,212,207
,,,0.3139998433284694,0.3350626019605231,0.6522000422918248,2361.png,209,212,207
,,,0.3201550507851659,0.33410853706685395,0.6464999785592286,2362.png,215,209,205
,,,0.3201299902532063,0.3345896112533545,0.6478999570464408,2363.png,215,210,205
,,,0.3184638240726746,0.3307696055425942,0.6451000873867294,2364.png,215,209,207
,,,0.31846400250686757,0.33076951894321804,0.6451000873867294,2365.png,215,209,207
,,,0.3856987267373847,0.427600855957617,0.6902999150251381,2366.png,232,218,127
,,,0.3855987060798493,0.42720085192309054,0.6906999153386393,2367.png,232,218,127
,,,0.38569873855462217,0.4281008456856328,0.6926999469817837,2368.png,232,219,127
,,,0.385198716750747,0.42640087186774095,0.6909999866371631,2369.png,232,218,128
,,,0.3853987311805644,0.4271008664423876,0.6922999438778407,2370.png,232,219,128
,,,0.3864987323064254,0.4279008537600464,0.6916999245858059,2371.png,233,218,127
,,,0.38619873700208945,0.42740086945928535,0.6916999245858059,2372.png,233,218,127
,,,0.386698744921184,0.42760086462778246,0.6915999247508696,2373.png,233,218,127
,,,0.3856987105213305,0.42790085973398306,0.6938999685373763,2374.png,232,219,127
,,,0.38589870480284155,0.42840083026733805,0.6948999590472884,2375.png,232,219,127
,,,0.3869987134773545,0.42790085699860514,0.692600012744994,2376.png,233,218,126
,,,0.3868987236810657,0.4271008727427898,0.6915000963431063,2377.png,233,218,127
,,,0.39039111050571146,0.43208896495417787,0.6933999381591673,2378.png,234,219,122
,,,0.3873987014878766,0.4271008696027385,0.6906999153386393,2379.png,234,218,127
,,,0.38799872257596385,0.4299008556737644,0.6942000331813823,2380.png,233,219,125
,,,0.386398738132008,0.4283008590865088,0.6946999612246537,2381.png,233,219,127
,,,0.3865987435719702,0.4280008554832978,0.6940999547171431,2382.png,233,219,127
,,,0.38759875011186873,0.4282008755023009,0.6926999469817837,2383.png,233,218,126
,,,0.38589872403461933,0.4277008233674472,0.6953000292451054,2384.png,233,219,127
,,,0.3872987262766602,0.4283008443379992,0.6940000277778805,2385.png,233,219,126
,,,0.38729875528259095,0.42870086045975464,0.6946999612246537,2386.png,233,219,126
,,,0.3857987115789465,0.42800088360655614,0.696900015980922,2387.png,233,219,127
,,,0.38589870865088266,0.4278008677378241,0.6966999597660786,2388.png,233,219,127
,,,0.3858987033718735,0.4277008550745641,0.696599946017588,2389.png,233,219,127
,,,0.3864987114469968,0.4274008594752072,0.6953000292451054,2390.png,233,219,127
,,,0.3865987385820763,0.42820084866148805,0.696499941841107,2391.png,233,219,127
,,,0.38569873259228,0.42750082938528133,0.6974999465721439,2392.png,233,219,128
,,,0.3868987488141979,0.4271008572771894,0.6946999612246537,2393.png,234,219,127
,,,0.3866986989728161,0.4262008559789196,0.6937000207750478,2394.png,234,218,128
,,,0.38639873799398294,0.4276008527467748,0.6966999597660786,2395.png,233,219,127
,,,0.38739873002929764,0.4278008433878626,0.6953000292451054,2396.png,234,219,127
,,,0.3947910702004173,0.4288889672630437,0.6844000108236259,2397.png,237,216,121
,,,0.3868987284601648,0.42840085881174056,0.69769999313932,2398.png,234,219,127
,,,0.38599874995935074,0.42660082087935497,0.6963999472361786,2399.png,234,219,128
,,,0.38619873386138853,0.4279008566584802,0.6982000529971465,2400.png,233,219,127
,,,0.3877987566152115,0.4273008623092416,0.6945000220617237,2401.png,234,218,127
,,,0.3871987233703653,0.4275008339340058,0.695999922344257,2402.png,234,219,127
,,,0.3868987503878624,0.4260008456137422,0.6942999590399036,2403.png,234,218,128
,,,0.3857987157785652,0.4256008538826488,0.695899975603829,2404.png,234,219,129
,,,0.3873987415599176,0.42830084077020725,0.6976000464445801,2405.png,234,219,126
,,,0.39679108916161826,0.4291889663117632,0.6831000153701758,2406.png,238,215,120
,,,0.3867987239135058,0.4273008683982685,0.69769999313932,2407.png,234,219,127
,,,0.38679868327209316,0.42730088871028826,0.6979999108510737,2408.png,234,219,127
,,,0.38679875364839406,0.42680082424985694,0.6979999108510737,2409.png,234,219,128
,,,0.38749872457053436,0.42610085075766985,0.695600030365985,2410.png,235,218,128
,,,0.38569872247239484,0.42680082067056485,0.6999999958785393,2411.png,234,220,128
,,,0.38689872873043263,0.42770084647373674,0.6995999997190853,2412.png,234,219,127
,,,0.3860987260082599,0.42700085186563114,0.7004999300623522,2413.png,234,220,128
,,,0.3823911257130128,0.42058896870937845,0.696900015980922,2414.png,234,219,134
,,,0.3909911190842182,0.43328894176414984,0.7029999615401478,2415.png,235,220,122
,,,0.3848911047643638,0.42078894865872934,0.6945999969891711,2416.png,235,218,133
,,,0.3983911063824716,0.4369889538961033,0.6973999986449918,2417.png,238,218,115
,,,0.39849110395754156,0.43808895792143077,0.6991999726057831,2418.png,238,219,114
,,,0.385998740780068,0.42740083457039274,0.7042999350739593,2419.png,234,220,128
,,,0.38679872908763296,0.42750081833233927,0.7034999113773861,2420.png,235,220,128
,,,0.3858787749368894,0.41969698003732847,0.6924999261756004,2421.png,236,217,133
,,,0.3864987397436771,0.42720084054552604,0.7041000207150575,2422.png,235,220,128
,,,0.39069114687197465,0.42858891895914975,0.698900016718906,2423.png,237,219,125
,,,0.39490674201255604,0.4317143699818277,0.6966999597660786,2424.png,238,218,120
,,,0.3859911267347586,0.42358893220865634,0.6999999958785393,2425.png,235,219,131
,,,0.39339616823455953,0.4322675904124402,0.7017000365527024,2426.png,237,219,121
,,,0.39790772178551775,0.4282333802385595,0.6877000296325736,2427.png,240,215,121
,,,0.39790776125068555,0.42823298605939636,0.6877000296325736,2428.png,240,215,121
,,,0.3959911215951809,0.43458893702682455,0.7013000053910878,2429.png,238,219,118
,,,0.3878911268441207,0.42228896074446715,0.6956999483858243,2430.png,237,218,130
,,,0.3867911227565017,0.4233889438872134,0.699500014304329,2431.png,236,219,130
,,,0.39779111144562374,0.43498892445387916,0.698900016718906,2432.png,239,218,117
,,,0.3964911169541483,0.4334889535835031,0.700500072853099,2433.png,239,218,119
,,,0.3964911216732233,0.43238894794954214,0.6995999997190853,2434.png,239,218,119
,,,0.38969109550270586,0.425188959789144,0.6999999958785393,2435.png,238,218,128
,,,0.38869109608508384,0.42238895310421753,0.6976000464445801,2436.png,238,218,130
,,,0.39239112943833243,0.4260889415186987,0.6970999478283478,2437.png,239,218,126
,,,0.3903911416143923,0.4227889500191227,0.6969998958028001,2438.png,239,217,129
,,,0.39479109840560267,0.4299889314054833,0.7022999189396052,2439.png,240,218,122
,,,0.39699110605453025,0.43118896593275435,0.7008000170401549,2440.png,240,218,120
,,,0.39729111755284835,0.4295889322314516,0.698099895734223,2441.png,241,217,121
,,,0.39059114377097504,0.43438893420173763,0.7181999309846937,2442.png,237,222,122
,,,0.39289110588910814,0.42428898385943525,0.6983999280299207,2443.png,240,217,127
,,,0.3941911607810097,0.4269889432083841,0.700699917319307,2444.png,240,218,124
,,,0.3143556068275864,0.33747904895287667,0.6946999612246537,2445.png,214,219,211
,,,0.3950911315932999,0.42878896072691275,0.7029999615401478,2446.png,240,218,123
,,,0.3916910683920131,0.42278894509854203,0.699500014304329,2447.png,240,217,129
,,,0.3953911334866843,0.427988929326644,0.7018999661857366,2448.png,241,218,123
,,,0.39069110646085975,0.43198893787070175,0.7192000007416118,2449.png,238,222,124
,,,0.39389919640093507,0.42658259901648465,0.70480000941008,2450.png,241,218,125
,,,0.39479110140904955,0.4288889535117087,0.7162000478973019,2451.png,242,220,124
,,,0.39619108770175077,0.4289889694831689,0.7269999308745,2452.png,245,221,124
,,,0.3939911444753651,0.42878896240527,0.7351999373637014,2453.png,244,223,126
,,,0.3908911143533047,0.4335889544471041,0.7509000057608103,2454.png,242,227,125
,,,0.39069109963930604,0.4322889512239372,0.7586000895494336,2455.png,244,227,127
,,,0.39269111408852103,0.42888893513664167,0.7522000916560991,2456.png,246,225,128
,,,0.3908910918565719,0.43158896502837624,0.7607999408536488,2457.png,244,228,127
,,,0.3111992723605789,0.3302004924688812,0.7339999681977676,2458.png,220,223,222
,,,0.3147065557340282,0.3369943492374978,0.741000046883606,2459.png,221,225,217
,,,0.3125065696475839,0.33679435361591725,0.7466001151230828,2460.png,219,226,219
,,,0.3887911440871514,0.4281889324169438,0.7634000272312998,2461.png,245,228,131
,,,0.3905911288886481,0.4287889528611027,0.7615000069893738,2462.png,246,227,130
,,,0.387691114876292,0.42868893981946093,0.768100018145712,2463.png,244,229,132
,,,0.3918911287372493,0.42798893694227375,0.7619999811059452,2464.png,247,227,130
,,,0.3941911544131068,0.42798892604532973,0.7606999602872196,2465.png,249,226,129
,,,0.39119112436690656,0.4335889388466215,0.7776000002365687,2466.png,246,230,127
,,,0.3151065767186036,0.33919435425124295,0.7554999892436183,2467.png,222,227,218
,,,0.31170654819634086,0.3332943616508247,0.7529000955386078,2468.png,221,226,222
,,,0.38799112574295236,0.42868893991614543,0.7816000353068158,2469.png,246,230,133
,,,0.3860911245530485,0.4288889579885165,0.7883000210477886,2470.png,246,232,134
,,,0.38979108013950237,0.42828897904690394,0.7805000942205018,2471.png,248,230,132
,,,0.31570657303316335,0.3369943454423519,0.7613999650981835,2472.png,225,227,220
,,,0.3907910724987675,0.4328889551543469,0.7938999488969049,2473.png,248,232,129
,,,0.31660656981015406,0.33839433952335196,0.7785000048826902,2474.png,227,230,221
,,,0.3161065715662082,0.33759434964808166,0.777999991970216,2475.png,227,229,221
,,,0.3157985722749284,0.33716907385068146,0.779400024719539,2476.png,227,230,222
,,,0.3135065320372636,0.33519433753324324,0.7805000942205018,2477.png,226,230,224
,,,0.3158065603601932,0.33549435045646886,0.7756000239032445,2478.png,227,229,223
,,,0.31400656307145086,0.3344943535943629,0.7778000555172705,2479.png,226,229,224
,,,0.31620652875536487,0.33639434180041833,0.7777001001373858,2480.png,228,229,222
,,,0.3172065165852671,0.3377943787899714,0.7817999639639612,2481.png,228,230,221
,,,0.31440656905606257,0.3331943438072928,0.7819000947250679,2482.png,228,229,225
,,,0.31780653730589725,0.3381943642153709,0.7863999159464146,2483.png,229,230,221
,,,0.3175065452848638,0.3388943603474957,0.7890000053636248,2484.png,229,231,221
,,,0.3116065462885629,0.3321943686771193,0.7882000066576543,2485.png,226,231,228
,,,0.311399286121552,0.32960050427409,0.7832000017606657,2486.png,227,230,229
,,,0.3131065047238686,0.33249435048237275,0.7864999322572195,2487.png,228,230,227
,,,0.315506569722576,0.33439433247337114,0.7870000307905234,2488.png,229,230,225
,,,0.3194409073100049,0.3330319967728522,0.7743000590828939,2489.png,233,227,223
,,,0.3194600047834221,0.3333046460715545,0.7752000041121399,2490.png,233,227,223
,,,0.311406597210351,0.33119433811695953,0.7911000551765206,2491.png,227,231,229
,,,0.31110651907469644,0.3313943495379695,0.7931999499567717,2492.png,227,231,229
,,,0.31520655920824153,0.33419437680503344,0.7896000943774111,2493.png,229,230,225
,,,0.32326391725415216,0.3404079800835226,0.7842999480103781,2494.png,234,229,218
,,,0.31410655798817594,0.3382943608281393,0.8058000007797194,2495.png,228,234,225
,,,0.31530653916452417,0.33849434811324,0.8115000898972999,2496.png,230,234,225
,,,0.31220653624783357,0.3352943459767722,0.8135000754100535,2497.png,228,235,229
,,,0.31480653928648566,0.3376943508563841,0.8165000881771559,2498.png,230,235,226
,,,0.31290653911671307,0.334694343550935,0.8242000693888281,2499.png,231,236,230
,,,0.32309991893909934,0.33472799964150174,0.8002999584192318,2500.png,239,229,224
,,,0.3259579439546726,0.3363510047448724,0.8025999690270738,2501.png,242,229,222
